-- phpMyAdmin SQL Dump
-- version 4.8.5
-- https://www.phpmyadmin.net/
--
-- Host: localhost
-- Generation Time: Nov 29, 2023 at 02:27 PM
-- Server version: 10.1.38-MariaDB
-- PHP Version: 5.6.40

SET SQL_MODE = "NO_AUTO_VALUE_ON_ZERO";
SET AUTOCOMMIT = 0;
START TRANSACTION;
SET time_zone = "+00:00";


/*!40101 SET @OLD_CHARACTER_SET_CLIENT=@@CHARACTER_SET_CLIENT */;
/*!40101 SET @OLD_CHARACTER_SET_RESULTS=@@CHARACTER_SET_RESULTS */;
/*!40101 SET @OLD_COLLATION_CONNECTION=@@COLLATION_CONNECTION */;
/*!40101 SET NAMES utf8mb4 */;

--
-- Database: `school_db`
--

-- --------------------------------------------------------

--
-- Table structure for table `admin`
--

CREATE TABLE `admin` (
  `admin_id` int(11) NOT NULL,
  `name` longtext COLLATE utf8_unicode_ci NOT NULL,
  `email` longtext COLLATE utf8_unicode_ci NOT NULL,
  `password` longtext COLLATE utf8_unicode_ci NOT NULL,
  `level` longtext COLLATE utf8_unicode_ci NOT NULL
) ENGINE=InnoDB DEFAULT CHARSET=utf8 COLLATE=utf8_unicode_ci;

--
-- Dumping data for table `admin`
--

INSERT INTO `admin` (`admin_id`, `name`, `email`, `password`, `level`) VALUES
(1, 'School Admin', 'admin@gmail.com', '123', '1');

-- --------------------------------------------------------

--
-- Table structure for table `attendance`
--

CREATE TABLE `attendance` (
  `attendance_id` int(11) NOT NULL,
  `status` int(11) NOT NULL COMMENT '0 undefined , 1 present , 2  absent',
  `student_id` int(11) NOT NULL,
  `date` date NOT NULL
) ENGINE=InnoDB DEFAULT CHARSET=utf8 COLLATE=utf8_unicode_ci;

--
-- Dumping data for table `attendance`
--

INSERT INTO `attendance` (`attendance_id`, `status`, `student_id`, `date`) VALUES
(1, 2, 2, '2023-11-25'),
(2, 1, 3, '2023-11-25'),
(3, 1, 4, '2023-11-25'),
(4, 2, 5, '2023-11-25'),
(5, 1, 2, '2023-11-26'),
(6, 1, 3, '2023-11-26'),
(7, 2, 4, '2023-11-26'),
(8, 1, 5, '2023-11-26'),
(9, 2, 2, '2023-11-27'),
(10, 1, 3, '2023-11-27'),
(11, 1, 4, '2023-11-27'),
(12, 1, 5, '2023-11-27'),
(13, 1, 2, '2023-11-28'),
(14, 1, 3, '2023-11-28'),
(15, 1, 4, '2023-11-28'),
(16, 1, 5, '2023-11-28'),
(17, 2, 2, '2023-11-29'),
(18, 1, 3, '2023-11-29'),
(19, 2, 4, '2023-11-29'),
(20, 2, 5, '2023-11-29');

-- --------------------------------------------------------

--
-- Table structure for table `ci_sessions`
--

CREATE TABLE `ci_sessions` (
  `id` varchar(40) COLLATE utf8_unicode_ci NOT NULL,
  `ip_address` varchar(45) COLLATE utf8_unicode_ci NOT NULL,
  `timestamp` int(10) UNSIGNED NOT NULL DEFAULT '0',
  `data` blob NOT NULL
) ENGINE=InnoDB DEFAULT CHARSET=utf8 COLLATE=utf8_unicode_ci;

--
-- Dumping data for table `ci_sessions`
--

INSERT INTO `ci_sessions` (`id`, `ip_address`, `timestamp`, `data`) VALUES
('01ddbde9073bb3d737bb70e4c8fc731b4533b7a1', '::1', 1701259890, 0x5f5f63695f6c6173745f726567656e65726174657c693a313730313235393839303b),
('02308f79dde124b6410fa3b68ba68287499f7448', '::1', 1701156352, 0x5f5f63695f6c6173745f726567656e65726174657c693a313730313135363135323b61646d696e5f6c6f67696e7c733a313a2231223b61646d696e5f69647c733a313a2231223b6c6f67696e5f757365725f69647c733a313a2231223b6e616d657c733a31323a225363686f6f6c2041646d696e223b6c6f67696e5f747970657c733a353a2241646d696e223b),
('02d2598a7040f3d102a5fda3134ffcc956461f0d', '::1', 1701206930, 0x5f5f63695f6c6173745f726567656e65726174657c693a313730313230363932323b61646d696e5f6c6f67696e7c733a313a2231223b61646d696e5f69647c733a313a2231223b6c6f67696e5f757365725f69647c733a313a2231223b6e616d657c733a31323a225363686f6f6c2041646d696e223b6c6f67696e5f747970657c733a353a2241646d696e223b),
('02d818b1a8eb6c978dde75d1c00218cb3e4b2381', '::1', 1701155506, 0x5f5f63695f6c6173745f726567656e65726174657c693a313730313135353233333b61646d696e5f6c6f67696e7c733a313a2231223b61646d696e5f69647c733a313a2231223b6c6f67696e5f757365725f69647c733a313a2231223b6e616d657c733a31323a225363686f6f6c2041646d696e223b6c6f67696e5f747970657c733a353a2241646d696e223b63757272656e745f6c616e67756167657c733a373a22656e676c697368223b666c6173685f6d6573736167657c4e3b),
('02e8180423cb380d20e5a9bcb6d14ff37a5bd741', '::1', 1701110287, 0x5f5f63695f6c6173745f726567656e65726174657c693a313730313130393939343b61646d696e5f6c6f67696e7c733a313a2231223b61646d696e5f69647c733a313a2231223b6c6f67696e5f757365725f69647c733a313a2231223b6e616d657c733a31323a225363686f6f6c2041646d696e223b6c6f67696e5f747970657c733a353a2241646d696e223b63757272656e745f6c616e67756167657c733a373a22656e676c697368223b),
('046d6f01731e574cd9a416cc19620237e0ff0459', '::1', 1701168410, 0x5f5f63695f6c6173745f726567656e65726174657c693a313730313136383132323b61646d696e5f6c6f67696e7c733a313a2231223b61646d696e5f69647c733a313a2231223b6c6f67696e5f757365725f69647c733a313a2231223b6e616d657c733a31323a225363686f6f6c2041646d696e223b6c6f67696e5f747970657c733a353a2241646d696e223b),
('04c9d47fc67b2efc43ac3cd3abc98bc40e35470b', '::1', 1701116713, 0x5f5f63695f6c6173745f726567656e65726174657c693a313730313131363633323b61646d696e5f6c6f67696e7c733a313a2231223b61646d696e5f69647c733a313a2231223b6c6f67696e5f757365725f69647c733a313a2231223b6e616d657c733a31323a225363686f6f6c2041646d696e223b6c6f67696e5f747970657c733a353a2241646d696e223b63757272656e745f6c616e67756167657c733a373a22656e676c697368223b666c6173685f6d6573736167657c4e3b),
('0a27274e60a5c71ddabc6e142319f3354eb09025', '::1', 1701209058, 0x5f5f63695f6c6173745f726567656e65726174657c693a313730313230383735383b61646d696e5f6c6f67696e7c733a313a2231223b61646d696e5f69647c733a313a2231223b6c6f67696e5f757365725f69647c733a313a2231223b6e616d657c733a31323a225363686f6f6c2041646d696e223b6c6f67696e5f747970657c733a353a2241646d696e223b),
('0bdd78983dbb979d88e72d2ef0486d3fc4eb1516', '::1', 1701160237, 0x5f5f63695f6c6173745f726567656e65726174657c693a313730313136303037363b61646d696e5f6c6f67696e7c733a313a2231223b61646d696e5f69647c733a313a2231223b6c6f67696e5f757365725f69647c733a313a2231223b6e616d657c733a31323a225363686f6f6c2041646d696e223b6c6f67696e5f747970657c733a353a2241646d696e223b),
('0cd035abae1837ca811a8804048cb12464351238', '::1', 1701178407, 0x5f5f63695f6c6173745f726567656e65726174657c693a313730313137383136323b61646d696e5f6c6f67696e7c733a313a2231223b61646d696e5f69647c733a313a2231223b6c6f67696e5f757365725f69647c733a313a2231223b6e616d657c733a31323a225363686f6f6c2041646d696e223b6c6f67696e5f747970657c733a353a2241646d696e223b63757272656e745f6c616e67756167657c733a373a22656e676c697368223b666c6173685f6d6573736167657c4e3b),
('104c9d142477f4dc81f8b08ebb6ff355fbbdc788', '::1', 1701173466, 0x5f5f63695f6c6173745f726567656e65726174657c693a313730313137333237393b61646d696e5f6c6f67696e7c733a313a2231223b61646d696e5f69647c733a313a2231223b6c6f67696e5f757365725f69647c733a313a2231223b6e616d657c733a31323a225363686f6f6c2041646d696e223b6c6f67696e5f747970657c733a353a2241646d696e223b63757272656e745f6c616e67756167657c733a373a22656e676c697368223b666c6173685f6d6573736167657c4e3b),
('11985a3544d3784219c2387125447bc114a4abd2', '::1', 1701104792, 0x5f5f63695f6c6173745f726567656e65726174657c693a313730313130343439323b61646d696e5f6c6f67696e7c733a313a2231223b61646d696e5f69647c733a313a2231223b6c6f67696e5f757365725f69647c733a313a2231223b6e616d657c733a31323a225363686f6f6c2041646d696e223b6c6f67696e5f747970657c733a353a2241646d696e223b63757272656e745f6c616e67756167657c733a373a22656e676c697368223b),
('14c0c9821317ed81ab21dbeccad5dc683919d2c1', '::1', 1701167733, 0x5f5f63695f6c6173745f726567656e65726174657c693a313730313136373436333b61646d696e5f6c6f67696e7c733a313a2231223b61646d696e5f69647c733a313a2231223b6c6f67696e5f757365725f69647c733a313a2231223b6e616d657c733a31323a225363686f6f6c2041646d696e223b6c6f67696e5f747970657c733a353a2241646d696e223b),
('18ad2aeab64ba2a58a6efaceb2c2b3ea8a648b19', '::1', 1701171254, 0x5f5f63695f6c6173745f726567656e65726174657c693a313730313137313033303b61646d696e5f6c6f67696e7c733a313a2231223b61646d696e5f69647c733a313a2231223b6c6f67696e5f757365725f69647c733a313a2231223b6e616d657c733a31323a225363686f6f6c2041646d696e223b6c6f67696e5f747970657c733a353a2241646d696e223b63757272656e745f6c616e67756167657c733a373a22656e676c697368223b666c6173685f6d6573736167657c4e3b),
('191ff996f5619c3f32b7f2a5ac6940c97ee80b58', '::1', 1701197742, 0x5f5f63695f6c6173745f726567656e65726174657c693a313730313139373438373b61646d696e5f6c6f67696e7c733a313a2231223b61646d696e5f69647c733a313a2231223b6c6f67696e5f757365725f69647c733a313a2231223b6e616d657c733a31323a225363686f6f6c2041646d696e223b6c6f67696e5f747970657c733a353a2241646d696e223b63757272656e745f6c616e67756167657c733a373a22656e676c697368223b666c6173685f6d6573736167657c4e3b),
('1a6702b5f57f9a6e63793ef6c409fd9f14ae7156', '::1', 1701196087, 0x5f5f63695f6c6173745f726567656e65726174657c693a313730313139353830323b61646d696e5f6c6f67696e7c733a313a2231223b61646d696e5f69647c733a313a2231223b6c6f67696e5f757365725f69647c733a313a2231223b6e616d657c733a31323a225363686f6f6c2041646d696e223b6c6f67696e5f747970657c733a353a2241646d696e223b63757272656e745f6c616e67756167657c733a373a22656e676c697368223b666c6173685f6d6573736167657c4e3b),
('1ad8fb33afe365393cfb650d624961bc61a8c7a7', '::1', 1701110551, 0x5f5f63695f6c6173745f726567656e65726174657c693a313730313131303335303b61646d696e5f6c6f67696e7c733a313a2231223b61646d696e5f69647c733a313a2231223b6c6f67696e5f757365725f69647c733a313a2231223b6e616d657c733a31323a225363686f6f6c2041646d696e223b6c6f67696e5f747970657c733a353a2241646d696e223b63757272656e745f6c616e67756167657c733a373a22656e676c697368223b),
('1cf5fde43491e443ce815f23e7e6206eeec96ae3', '::1', 1701176500, 0x5f5f63695f6c6173745f726567656e65726174657c693a313730313137363530303b61646d696e5f6c6f67696e7c733a313a2231223b61646d696e5f69647c733a313a2231223b6c6f67696e5f757365725f69647c733a313a2231223b6e616d657c733a31323a225363686f6f6c2041646d696e223b6c6f67696e5f747970657c733a353a2241646d696e223b63757272656e745f6c616e67756167657c733a373a22656e676c697368223b666c6173685f6d6573736167657c4e3b),
('1cfea102d2d0b59e9e3de6f3ee53ba66ef5171f9', '::1', 1701159999, 0x5f5f63695f6c6173745f726567656e65726174657c693a313730313135393730383b61646d696e5f6c6f67696e7c733a313a2231223b61646d696e5f69647c733a313a2231223b6c6f67696e5f757365725f69647c733a313a2231223b6e616d657c733a31323a225363686f6f6c2041646d696e223b6c6f67696e5f747970657c733a353a2241646d696e223b),
('1f1c1adc8d3c605757f1a8fcb339ef8e50332743', '::1', 1701156984, 0x5f5f63695f6c6173745f726567656e65726174657c693a313730313135363938343b61646d696e5f6c6f67696e7c733a313a2231223b61646d696e5f69647c733a313a2231223b6c6f67696e5f757365725f69647c733a313a2231223b6e616d657c733a31323a225363686f6f6c2041646d696e223b6c6f67696e5f747970657c733a353a2241646d696e223b),
('2133338b9df8ac9b3eb5f6eccda873f4c135d134', '::1', 1701176343, 0x5f5f63695f6c6173745f726567656e65726174657c693a313730313137363137373b61646d696e5f6c6f67696e7c733a313a2231223b61646d696e5f69647c733a313a2231223b6c6f67696e5f757365725f69647c733a313a2231223b6e616d657c733a31323a225363686f6f6c2041646d696e223b6c6f67696e5f747970657c733a353a2241646d696e223b63757272656e745f6c616e67756167657c733a373a22656e676c697368223b666c6173685f6d6573736167657c4e3b),
('242ddf6c4ef5288aca0d74c79063950028180e22', '::1', 1701184992, 0x5f5f63695f6c6173745f726567656e65726174657c693a313730313138333933323b61646d696e5f6c6f67696e7c733a313a2231223b61646d696e5f69647c733a313a2231223b6c6f67696e5f757365725f69647c733a313a2231223b6e616d657c733a31323a225363686f6f6c2041646d696e223b6c6f67696e5f747970657c733a353a2241646d696e223b63757272656e745f6c616e67756167657c733a373a22656e676c697368223b666c6173685f6d6573736167657c4e3b),
('2597751fc3205db768c516aa6d2986b680fb9281', '::1', 1701174595, 0x5f5f63695f6c6173745f726567656e65726174657c693a313730313137343331323b61646d696e5f6c6f67696e7c733a313a2231223b61646d696e5f69647c733a313a2231223b6c6f67696e5f757365725f69647c733a313a2231223b6e616d657c733a31323a225363686f6f6c2041646d696e223b6c6f67696e5f747970657c733a353a2241646d696e223b63757272656e745f6c616e67756167657c733a373a22656e676c697368223b666c6173685f6d6573736167657c4e3b),
('266e15919351d89727d16c30413ba0ae7f654740', '::1', 1701172741, 0x5f5f63695f6c6173745f726567656e65726174657c693a313730313137323439313b61646d696e5f6c6f67696e7c733a313a2231223b61646d696e5f69647c733a313a2231223b6c6f67696e5f757365725f69647c733a313a2231223b6e616d657c733a31323a225363686f6f6c2041646d696e223b6c6f67696e5f747970657c733a353a2241646d696e223b63757272656e745f6c616e67756167657c733a373a22656e676c697368223b666c6173685f6d6573736167657c4e3b),
('27a86fff1a1b59da8a4813f326ea5d8d103b89ab', '::1', 1701116560, 0x5f5f63695f6c6173745f726567656e65726174657c693a313730313131363238333b61646d696e5f6c6f67696e7c733a313a2231223b61646d696e5f69647c733a313a2231223b6c6f67696e5f757365725f69647c733a313a2231223b6e616d657c733a31323a225363686f6f6c2041646d696e223b6c6f67696e5f747970657c733a353a2241646d696e223b63757272656e745f6c616e67756167657c733a373a22656e676c697368223b666c6173685f6d6573736167657c4e3b),
('2b4e06e3635f3474db221da476eb0e70f5ebd101', '::1', 1701177824, 0x5f5f63695f6c6173745f726567656e65726174657c693a313730313137373632393b61646d696e5f6c6f67696e7c733a313a2231223b61646d696e5f69647c733a313a2231223b6c6f67696e5f757365725f69647c733a313a2231223b6e616d657c733a31323a225363686f6f6c2041646d696e223b6c6f67696e5f747970657c733a353a2241646d696e223b63757272656e745f6c616e67756167657c733a373a22656e676c697368223b666c6173685f6d6573736167657c4e3b),
('2d7b6c6c076e57e0b70a8a9ce3076a03667f0cdf', '::1', 1701158047, 0x5f5f63695f6c6173745f726567656e65726174657c693a313730313135373734373b61646d696e5f6c6f67696e7c733a313a2231223b61646d696e5f69647c733a313a2231223b6c6f67696e5f757365725f69647c733a313a2231223b6e616d657c733a31323a225363686f6f6c2041646d696e223b6c6f67696e5f747970657c733a353a2241646d696e223b63757272656e745f6c616e67756167657c733a373a22656e676c697368223b666c6173685f6d6573736167657c4e3b),
('2f81935b22d7c61c62198a87b5b07fb314b9656b', '::1', 1701199581, 0x5f5f63695f6c6173745f726567656e65726174657c693a313730313139393238313b61646d696e5f6c6f67696e7c733a313a2231223b61646d696e5f69647c733a313a2231223b6c6f67696e5f757365725f69647c733a313a2231223b6e616d657c733a31323a225363686f6f6c2041646d696e223b6c6f67696e5f747970657c733a353a2241646d696e223b),
('30dce37e311dcdc4a055db87d12436f101c74871', '::1', 1701185260, 0x5f5f63695f6c6173745f726567656e65726174657c693a313730313138353032323b61646d696e5f6c6f67696e7c733a313a2231223b61646d696e5f69647c733a313a2231223b6c6f67696e5f757365725f69647c733a313a2231223b6e616d657c733a31323a225363686f6f6c2041646d696e223b6c6f67696e5f747970657c733a353a2241646d696e223b63757272656e745f6c616e67756167657c733a373a22656e676c697368223b666c6173685f6d6573736167657c4e3b),
('3171314099e5817cc77cbb8cf7d6d4d3c32d1a98', '::1', 1701209307, 0x5f5f63695f6c6173745f726567656e65726174657c693a313730313230393237363b),
('31d8700f64606fc8113cd04bfbda1b9e15e7ca8d', '::1', 1701118052, 0x5f5f63695f6c6173745f726567656e65726174657c693a313730313131383030303b61646d696e5f6c6f67696e7c733a313a2231223b61646d696e5f69647c733a313a2231223b6c6f67696e5f757365725f69647c733a313a2231223b6e616d657c733a31323a225363686f6f6c2041646d696e223b6c6f67696e5f747970657c733a353a2241646d696e223b63757272656e745f6c616e67756167657c733a373a22656e676c697368223b666c6173685f6d6573736167657c4e3b),
('34394efd7d661f08f2af87c9f78692575b0eacfe', '::1', 1701161034, 0x5f5f63695f6c6173745f726567656e65726174657c693a313730313136303739333b61646d696e5f6c6f67696e7c733a313a2231223b61646d696e5f69647c733a313a2231223b6c6f67696e5f757365725f69647c733a313a2231223b6e616d657c733a31323a225363686f6f6c2041646d696e223b6c6f67696e5f747970657c733a353a2241646d696e223b),
('34e9c5967cf1af60525172849b9576233dea6902', '::1', 1701208688, 0x5f5f63695f6c6173745f726567656e65726174657c693a313730313230383434363b61646d696e5f6c6f67696e7c733a313a2231223b61646d696e5f69647c733a313a2231223b6c6f67696e5f757365725f69647c733a313a2231223b6e616d657c733a31323a225363686f6f6c2041646d696e223b6c6f67696e5f747970657c733a353a2241646d696e223b),
('3546e78d7a504a9b735cb61cf4d8b3f2c18b39d1', '::1', 1701168661, 0x5f5f63695f6c6173745f726567656e65726174657c693a313730313136383436373b61646d696e5f6c6f67696e7c733a313a2231223b61646d696e5f69647c733a313a2231223b6c6f67696e5f757365725f69647c733a313a2231223b6e616d657c733a31323a225363686f6f6c2041646d696e223b6c6f67696e5f747970657c733a353a2241646d696e223b63757272656e745f6c616e67756167657c733a373a22656e676c697368223b666c6173685f6d6573736167657c4e3b),
('36e44a10c8c073388a1005285d3ea71f6a823aee', '::1', 1701185949, 0x5f5f63695f6c6173745f726567656e65726174657c693a313730313138353635373b61646d696e5f6c6f67696e7c733a313a2231223b61646d696e5f69647c733a313a2231223b6c6f67696e5f757365725f69647c733a313a2231223b6e616d657c733a31323a225363686f6f6c2041646d696e223b6c6f67696e5f747970657c733a353a2241646d696e223b63757272656e745f6c616e67756167657c733a373a22656e676c697368223b666c6173685f6d6573736167657c4e3b),
('37c3cdd7f214e37bfe5de7d6dc05d5ac0319603c', '::1', 1701188782, 0x5f5f63695f6c6173745f726567656e65726174657c693a313730313138383638393b61646d696e5f6c6f67696e7c733a313a2231223b61646d696e5f69647c733a313a2231223b6c6f67696e5f757365725f69647c733a313a2231223b6e616d657c733a31323a225363686f6f6c2041646d696e223b6c6f67696e5f747970657c733a353a2241646d696e223b63757272656e745f6c616e67756167657c733a373a22656e676c697368223b666c6173685f6d6573736167657c4e3b),
('3914b3503d49c3cef2ced0593b667f7e1c9d2174', '::1', 1701211243, 0x5f5f63695f6c6173745f726567656e65726174657c693a313730313231303939393b61646d696e5f6c6f67696e7c733a313a2231223b61646d696e5f69647c733a313a2231223b6c6f67696e5f757365725f69647c733a313a2231223b6e616d657c733a31323a225363686f6f6c2041646d696e223b6c6f67696e5f747970657c733a353a2241646d696e223b666c6173685f696e666f7c733a32313a225375636365737366756c6c792044656c6574656421223b5f5f63695f766172737c613a313a7b733a31303a22666c6173685f696e666f223b733a333a226f6c64223b7d),
('3a9e48060a6ceec7ac33c28c1cc4feca3ce517c6', '::1', 1701201935, 0x5f5f63695f6c6173745f726567656e65726174657c693a313730313230313730393b61646d696e5f6c6f67696e7c733a313a2231223b61646d696e5f69647c733a313a2231223b6c6f67696e5f757365725f69647c733a313a2231223b6e616d657c733a31323a225363686f6f6c2041646d696e223b6c6f67696e5f747970657c733a353a2241646d696e223b63757272656e745f6c616e67756167657c733a373a22656e676c697368223b666c6173685f6d6573736167657c4e3b),
('3b34fdeacb45276402ab1db449aed20b2541de86', '::1', 1701102817, 0x5f5f63695f6c6173745f726567656e65726174657c693a313730313130323532313b61646d696e5f6c6f67696e7c733a313a2231223b61646d696e5f69647c733a313a2231223b6c6f67696e5f757365725f69647c733a313a2231223b6e616d657c733a31323a225363686f6f6c2041646d696e223b6c6f67696e5f747970657c733a353a2241646d696e223b63757272656e745f6c616e67756167657c733a373a22656e676c697368223b),
('3e4b1f35f40e489a1ef87026e9bc9aa9adbddca4', '::1', 1701103426, 0x5f5f63695f6c6173745f726567656e65726174657c693a313730313130333138353b61646d696e5f6c6f67696e7c733a313a2231223b61646d696e5f69647c733a313a2231223b6c6f67696e5f757365725f69647c733a313a2231223b6e616d657c733a31323a225363686f6f6c2041646d696e223b6c6f67696e5f747970657c733a353a2241646d696e223b63757272656e745f6c616e67756167657c733a373a22656e676c697368223b),
('3f482e56db24d00b07e3a2201b655e53f81aa471', '::1', 1701158438, 0x5f5f63695f6c6173745f726567656e65726174657c693a313730313135383134373b61646d696e5f6c6f67696e7c733a313a2231223b61646d696e5f69647c733a313a2231223b6c6f67696e5f757365725f69647c733a313a2231223b6e616d657c733a31323a225363686f6f6c2041646d696e223b6c6f67696e5f747970657c733a353a2241646d696e223b),
('3ff8217b7d76f866a6701631518036664658f706', '::1', 1701198977, 0x5f5f63695f6c6173745f726567656e65726174657c693a313730313139383736303b61646d696e5f6c6f67696e7c733a313a2231223b61646d696e5f69647c733a313a2231223b6c6f67696e5f757365725f69647c733a313a2231223b6e616d657c733a31323a225363686f6f6c2041646d696e223b6c6f67696e5f747970657c733a353a2241646d696e223b63757272656e745f6c616e67756167657c733a373a22656e676c697368223b666c6173685f6d6573736167657c4e3b),
('4065ce1e4da48a6320c93b9ea657acbb2160d5b7', '::1', 1701198736, 0x5f5f63695f6c6173745f726567656e65726174657c693a313730313139383434323b61646d696e5f6c6f67696e7c733a313a2231223b61646d696e5f69647c733a313a2231223b6c6f67696e5f757365725f69647c733a313a2231223b6e616d657c733a31323a225363686f6f6c2041646d696e223b6c6f67696e5f747970657c733a353a2241646d696e223b63757272656e745f6c616e67756167657c733a373a22656e676c697368223b666c6173685f6d6573736167657c4e3b),
('41d13d3285c55163bceca41f1909a79de214f676', '::1', 1701207289, 0x5f5f63695f6c6173745f726567656e65726174657c693a313730313230373238393b61646d696e5f6c6f67696e7c733a313a2231223b61646d696e5f69647c733a313a2231223b6c6f67696e5f757365725f69647c733a313a2231223b6e616d657c733a31323a225363686f6f6c2041646d696e223b6c6f67696e5f747970657c733a353a2241646d696e223b),
('4209b6142436cf20ca261815460b9af02c2e6557', '::1', 1701172961, 0x5f5f63695f6c6173745f726567656e65726174657c693a313730313137323836353b61646d696e5f6c6f67696e7c733a313a2231223b61646d696e5f69647c733a313a2231223b6c6f67696e5f757365725f69647c733a313a2231223b6e616d657c733a31323a225363686f6f6c2041646d696e223b6c6f67696e5f747970657c733a353a2241646d696e223b63757272656e745f6c616e67756167657c733a373a22656e676c697368223b666c6173685f6d6573736167657c4e3b),
('42811c77857388be31353878e4a695df53bff7ba', '::1', 1701168003, 0x5f5f63695f6c6173745f726567656e65726174657c693a313730313136373737313b61646d696e5f6c6f67696e7c733a313a2231223b61646d696e5f69647c733a313a2231223b6c6f67696e5f757365725f69647c733a313a2231223b6e616d657c733a31323a225363686f6f6c2041646d696e223b6c6f67696e5f747970657c733a353a2241646d696e223b),
('4292b6cecfb7adc64b2e5fe606963b1e6a00ca45', '::1', 1701170875, 0x5f5f63695f6c6173745f726567656e65726174657c693a313730313137303730363b61646d696e5f6c6f67696e7c733a313a2231223b61646d696e5f69647c733a313a2231223b6c6f67696e5f757365725f69647c733a313a2231223b6e616d657c733a31323a225363686f6f6c2041646d696e223b6c6f67696e5f747970657c733a353a2241646d696e223b63757272656e745f6c616e67756167657c733a373a22656e676c697368223b666c6173685f6d6573736167657c4e3b),
('46a27830e078671bbd637a3e4a6b53fcf2fcdf07', '::1', 1701203563, 0x5f5f63695f6c6173745f726567656e65726174657c693a313730313230333339363b61646d696e5f6c6f67696e7c733a313a2231223b61646d696e5f69647c733a313a2231223b6c6f67696e5f757365725f69647c733a313a2231223b6e616d657c733a31323a225363686f6f6c2041646d696e223b6c6f67696e5f747970657c733a353a2241646d696e223b),
('47d5aef54b1d1c273927a7d089156eff72bed620', '::1', 1701253947, 0x5f5f63695f6c6173745f726567656e65726174657c693a313730313235333639373b706172656e745f6c6f67696e7c733a313a2231223b706172656e745f69647c733a323a223136223b6c6f67696e5f757365725f69647c733a323a223136223b6e616d657c733a31333a22496c6d61277320506172656e74223b6c6f67696e5f747970657c733a363a22506172656e74223b),
('4af5b045c7e797ab8f3c7ae5a2b4cbbf97108e92', '::1', 1701106405, 0x5f5f63695f6c6173745f726567656e65726174657c693a313730313130363238393b61646d696e5f6c6f67696e7c733a313a2231223b61646d696e5f69647c733a313a2231223b6c6f67696e5f757365725f69647c733a313a2231223b6e616d657c733a31323a225363686f6f6c2041646d696e223b6c6f67696e5f747970657c733a353a2241646d696e223b63757272656e745f6c616e67756167657c733a373a22656e676c697368223b),
('4b80ecf103a994f7da9a6857260ed99907e455b1', '::1', 1701162667, 0x5f5f63695f6c6173745f726567656e65726174657c693a313730313136323337383b61646d696e5f6c6f67696e7c733a313a2231223b61646d696e5f69647c733a313a2231223b6c6f67696e5f757365725f69647c733a313a2231223b6e616d657c733a31323a225363686f6f6c2041646d696e223b6c6f67696e5f747970657c733a353a2241646d696e223b),
('4e21c059b9ffd4e27fc22d2bcd999f3a355798b0', '::1', 1701261640, 0x5f5f63695f6c6173745f726567656e65726174657c693a313730313236313336363b73747564656e745f6c6f67696e7c733a313a2231223b73747564656e745f69647c733a313a2232223b6c6f67696e5f757365725f69647c733a313a2232223b6e616d657c733a353a22526968616d223b6c6f67696e5f747970657c733a373a2253747564656e74223b),
('4e247a7e90220e210d65065607b4d0e5f3b419a7', '::1', 1701102466, 0x5f5f63695f6c6173745f726567656e65726174657c693a313730313130323139313b61646d696e5f6c6f67696e7c733a313a2231223b61646d696e5f69647c733a313a2231223b6c6f67696e5f757365725f69647c733a313a2231223b6e616d657c733a31323a225363686f6f6c2041646d696e223b6c6f67696e5f747970657c733a353a2241646d696e223b63757272656e745f6c616e67756167657c733a373a22656e676c697368223b),
('4eefca137395f9951f7a7d21a3bf191905c79e2c', '::1', 1701186312, 0x5f5f63695f6c6173745f726567656e65726174657c693a313730313138363032313b61646d696e5f6c6f67696e7c733a313a2231223b61646d696e5f69647c733a313a2231223b6c6f67696e5f757365725f69647c733a313a2231223b6e616d657c733a31323a225363686f6f6c2041646d696e223b6c6f67696e5f747970657c733a353a2241646d696e223b63757272656e745f6c616e67756167657c733a373a22656e676c697368223b666c6173685f6d6573736167657c4e3b),
('527bced269d1253d62c10f4b6cf2fa4a74c54efb', '::1', 1701108911, 0x5f5f63695f6c6173745f726567656e65726174657c693a313730313130383730393b61646d696e5f6c6f67696e7c733a313a2231223b61646d696e5f69647c733a313a2231223b6c6f67696e5f757365725f69647c733a313a2231223b6e616d657c733a31323a225363686f6f6c2041646d696e223b6c6f67696e5f747970657c733a353a2241646d696e223b63757272656e745f6c616e67756167657c733a373a22656e676c697368223b),
('56f4a62abd543a87d22188ea2e4bc0c685c92286', '::1', 1701204899, 0x5f5f63695f6c6173745f726567656e65726174657c693a313730313230343632333b61646d696e5f6c6f67696e7c733a313a2231223b61646d696e5f69647c733a313a2231223b6c6f67696e5f757365725f69647c733a313a2231223b6e616d657c733a31323a225363686f6f6c2041646d696e223b6c6f67696e5f747970657c733a353a2241646d696e223b666c6173685f6d6573736167657c733a32313a225375636365737366756c6c79205570646174656421223b5f5f63695f766172737c613a313a7b733a31333a22666c6173685f6d657373616765223b733a333a226f6c64223b7d),
('575636d34321600af1eb4982239f94aa4a994464', '::1', 1701154817, 0x5f5f63695f6c6173745f726567656e65726174657c693a313730313135343533323b61646d696e5f6c6f67696e7c733a313a2231223b61646d696e5f69647c733a313a2231223b6c6f67696e5f757365725f69647c733a313a2231223b6e616d657c733a31323a225363686f6f6c2041646d696e223b6c6f67696e5f747970657c733a353a2241646d696e223b63757272656e745f6c616e67756167657c733a373a22656e676c697368223b666c6173685f6d6573736167657c4e3b),
('57bf22dc4a3df80465d37a15c53421e7181088b4', '::1', 1701169854, 0x5f5f63695f6c6173745f726567656e65726174657c693a313730313136393639393b61646d696e5f6c6f67696e7c733a313a2231223b61646d696e5f69647c733a313a2231223b6c6f67696e5f757365725f69647c733a313a2231223b6e616d657c733a31323a225363686f6f6c2041646d696e223b6c6f67696e5f747970657c733a353a2241646d696e223b63757272656e745f6c616e67756167657c733a373a22656e676c697368223b666c6173685f6d6573736167657c4e3b),
('5b63118bff729dbd7ed7feb9bbe1b934f6bfd822', '::1', 1701196142, 0x5f5f63695f6c6173745f726567656e65726174657c693a313730313139363133313b61646d696e5f6c6f67696e7c733a313a2231223b61646d696e5f69647c733a313a2231223b6c6f67696e5f757365725f69647c733a313a2231223b6e616d657c733a31323a225363686f6f6c2041646d696e223b6c6f67696e5f747970657c733a353a2241646d696e223b63757272656e745f6c616e67756167657c733a373a22656e676c697368223b666c6173685f6d6573736167657c4e3b),
('5beefd8d21579c55e56b90ef875be0fb0462c9e6', '::1', 1701202203, 0x5f5f63695f6c6173745f726567656e65726174657c693a313730313230323034363b61646d696e5f6c6f67696e7c733a313a2231223b61646d696e5f69647c733a313a2231223b6c6f67696e5f757365725f69647c733a313a2231223b6e616d657c733a31323a225363686f6f6c2041646d696e223b6c6f67696e5f747970657c733a353a2241646d696e223b63757272656e745f6c616e67756167657c733a373a22656e676c697368223b666c6173685f6d6573736167657c4e3b),
('5d808358bfb4daf2194e74603fa879c6116245a3', '::1', 1701197068, 0x5f5f63695f6c6173745f726567656e65726174657c693a313730313139363738333b61646d696e5f6c6f67696e7c733a313a2231223b61646d696e5f69647c733a313a2231223b6c6f67696e5f757365725f69647c733a313a2231223b6e616d657c733a31323a225363686f6f6c2041646d696e223b6c6f67696e5f747970657c733a353a2241646d696e223b63757272656e745f6c616e67756167657c733a373a22656e676c697368223b666c6173685f6d6573736167657c4e3b),
('5e6e6aefd19ba9172ad28c07d22740e32defa429', '::1', 1701098264, 0x5f5f63695f6c6173745f726567656e65726174657c693a313730313039373936363b61646d696e5f6c6f67696e7c733a313a2231223b61646d696e5f69647c733a313a2231223b6c6f67696e5f757365725f69647c733a313a2231223b6e616d657c733a31323a225363686f6f6c2041646d696e223b6c6f67696e5f747970657c733a353a2241646d696e223b63757272656e745f6c616e67756167657c733a373a22656e676c697368223b),
('5e7be3e9a5ab4ccf75e5b67aaf9fc52a3dd5a377', '::1', 1701102150, 0x5f5f63695f6c6173745f726567656e65726174657c693a313730313039383236373b61646d696e5f6c6f67696e7c733a313a2231223b61646d696e5f69647c733a313a2231223b6c6f67696e5f757365725f69647c733a313a2231223b6e616d657c733a31323a225363686f6f6c2041646d696e223b6c6f67696e5f747970657c733a353a2241646d696e223b63757272656e745f6c616e67756167657c733a373a22656e676c697368223b),
('5f3532dee1a68e950ad240bd0627366eaa80a177', '::1', 1701206853, 0x5f5f63695f6c6173745f726567656e65726174657c693a313730313230363535393b61646d696e5f6c6f67696e7c733a313a2231223b61646d696e5f69647c733a313a2231223b6c6f67696e5f757365725f69647c733a313a2231223b6e616d657c733a31323a225363686f6f6c2041646d696e223b6c6f67696e5f747970657c733a353a2241646d696e223b),
('5f3f486ce6e777a484aafcdbf40c3e81eec974e2', '::1', 1701162749, 0x5f5f63695f6c6173745f726567656e65726174657c693a313730313136323730313b61646d696e5f6c6f67696e7c733a313a2231223b61646d696e5f69647c733a313a2231223b6c6f67696e5f757365725f69647c733a313a2231223b6e616d657c733a31323a225363686f6f6c2041646d696e223b6c6f67696e5f747970657c733a353a2241646d696e223b),
('5f8a034cd74f20286dc1a6587e2238e128af270b', '::1', 1701200132, 0x5f5f63695f6c6173745f726567656e65726174657c693a313730313139393838373b61646d696e5f6c6f67696e7c733a313a2231223b61646d696e5f69647c733a313a2231223b6c6f67696e5f757365725f69647c733a313a2231223b6e616d657c733a31323a225363686f6f6c2041646d696e223b6c6f67696e5f747970657c733a353a2241646d696e223b),
('5fa77d5a7fe11b8f123f9793ec2e567befb0add1', '::1', 1701106230, 0x5f5f63695f6c6173745f726567656e65726174657c693a313730313130353932393b61646d696e5f6c6f67696e7c733a313a2231223b61646d696e5f69647c733a313a2231223b6c6f67696e5f757365725f69647c733a313a2231223b6e616d657c733a31323a225363686f6f6c2041646d696e223b6c6f67696e5f747970657c733a353a2241646d696e223b63757272656e745f6c616e67756167657c733a373a22656e676c697368223b),
('5fb311787db8e09aecdc5c2df161c5c08cea95e6', '::1', 1701188663, 0x5f5f63695f6c6173745f726567656e65726174657c693a313730313138383337313b61646d696e5f6c6f67696e7c733a313a2231223b61646d696e5f69647c733a313a2231223b6c6f67696e5f757365725f69647c733a313a2231223b6e616d657c733a31323a225363686f6f6c2041646d696e223b6c6f67696e5f747970657c733a353a2241646d696e223b63757272656e745f6c616e67756167657c733a373a22656e676c697368223b666c6173685f6d6573736167657c4e3b),
('61c2efac56002bcf73b415391f1f154cdb029cb2', '::1', 1701167086, 0x5f5f63695f6c6173745f726567656e65726174657c693a313730313136363730353b61646d696e5f6c6f67696e7c733a313a2231223b61646d696e5f69647c733a313a2231223b6c6f67696e5f757365725f69647c733a313a2231223b6e616d657c733a31323a225363686f6f6c2041646d696e223b6c6f67696e5f747970657c733a353a2241646d696e223b),
('63f98d6d684bf9ea488d60d128127535fc0e1240', '::1', 1701115911, 0x5f5f63695f6c6173745f726567656e65726174657c693a313730313131353632383b61646d696e5f6c6f67696e7c733a313a2231223b61646d696e5f69647c733a313a2231223b6c6f67696e5f757365725f69647c733a313a2231223b6e616d657c733a31323a225363686f6f6c2041646d696e223b6c6f67696e5f747970657c733a353a2241646d696e223b63757272656e745f6c616e67756167657c733a373a22656e676c697368223b666c6173685f6d6573736167657c4e3b),
('664b666d80570fb1ca12e201e662e045382cee8c', '::1', 1701160735, 0x5f5f63695f6c6173745f726567656e65726174657c693a313730313136303434363b61646d696e5f6c6f67696e7c733a313a2231223b61646d696e5f69647c733a313a2231223b6c6f67696e5f757365725f69647c733a313a2231223b6e616d657c733a31323a225363686f6f6c2041646d696e223b6c6f67696e5f747970657c733a353a2241646d696e223b),
('6693d66498cf0d00dbfb820616e3e207b87153cb', '::1', 1701110756, 0x5f5f63695f6c6173745f726567656e65726174657c693a313730313131303735363b61646d696e5f6c6f67696e7c733a313a2231223b61646d696e5f69647c733a313a2231223b6c6f67696e5f757365725f69647c733a313a2231223b6e616d657c733a31323a225363686f6f6c2041646d696e223b6c6f67696e5f747970657c733a353a2241646d696e223b63757272656e745f6c616e67756167657c733a373a22656e676c697368223b),
('6941e883f16a394396f0560a72088459b7832393', '::1', 1701170484, 0x5f5f63695f6c6173745f726567656e65726174657c693a313730313137303334323b61646d696e5f6c6f67696e7c733a313a2231223b61646d696e5f69647c733a313a2231223b6c6f67696e5f757365725f69647c733a313a2231223b6e616d657c733a31323a225363686f6f6c2041646d696e223b6c6f67696e5f747970657c733a353a2241646d696e223b63757272656e745f6c616e67756167657c733a373a22656e676c697368223b666c6173685f6d6573736167657c4e3b),
('6b22f0844d3df3125513f7c0acedf6a40f54cb94', '::1', 1701154419, 0x5f5f63695f6c6173745f726567656e65726174657c693a313730313135343136323b61646d696e5f6c6f67696e7c733a313a2231223b61646d696e5f69647c733a313a2231223b6c6f67696e5f757365725f69647c733a313a2231223b6e616d657c733a31323a225363686f6f6c2041646d696e223b6c6f67696e5f747970657c733a353a2241646d696e223b),
('6d3c8fadf3806dc5d89f35eb90db0dd41bc50195', '::1', 1701171369, 0x5f5f63695f6c6173745f726567656e65726174657c693a313730313137313336393b61646d696e5f6c6f67696e7c733a313a2231223b61646d696e5f69647c733a313a2231223b6c6f67696e5f757365725f69647c733a313a2231223b6e616d657c733a31323a225363686f6f6c2041646d696e223b6c6f67696e5f747970657c733a353a2241646d696e223b63757272656e745f6c616e67756167657c733a373a22656e676c697368223b666c6173685f6d6573736167657c4e3b),
('6d7bcc518043284670057aeef26ff9d2fb115024', '::1', 1701253440, 0x5f5f63695f6c6173745f726567656e65726174657c693a313730313235333335363b61646d696e5f6c6f67696e7c733a313a2231223b61646d696e5f69647c733a313a2231223b6c6f67696e5f757365725f69647c733a313a2231223b6e616d657c733a31323a225363686f6f6c2041646d696e223b6c6f67696e5f747970657c733a353a2241646d696e223b),
('6e3ee0cfeebde9bf2543c39cc88553c3736027b4', '::1', 1701256379, 0x5f5f63695f6c6173745f726567656e65726174657c693a313730313235363038343b706172656e745f6c6f67696e7c733a313a2231223b706172656e745f69647c733a323a223136223b6c6f67696e5f757365725f69647c733a323a223136223b6e616d657c733a31333a22496c6d61277320506172656e74223b6c6f67696e5f747970657c733a363a22506172656e74223b),
('6e75c7a193353449a2d16ae19bfb814934e400e4', '::1', 1701255117, 0x5f5f63695f6c6173745f726567656e65726174657c693a313730313235343832323b706172656e745f6c6f67696e7c733a313a2231223b706172656e745f69647c733a323a223136223b6c6f67696e5f757365725f69647c733a323a223136223b6e616d657c733a31333a22496c6d61277320506172656e74223b6c6f67696e5f747970657c733a363a22506172656e74223b),
('7035bd9264ed555042242307649b96bbf2c7809f', '::1', 1701179101, 0x5f5f63695f6c6173745f726567656e65726174657c693a313730313137383832353b61646d696e5f6c6f67696e7c733a313a2231223b61646d696e5f69647c733a313a2231223b6c6f67696e5f757365725f69647c733a313a2231223b6e616d657c733a31323a225363686f6f6c2041646d696e223b6c6f67696e5f747970657c733a353a2241646d696e223b63757272656e745f6c616e67756167657c733a373a22656e676c697368223b666c6173685f6d6573736167657c4e3b),
('72396d6ab87f4651ce50cb6b89c00fa87e30178e', '::1', 1701188176, 0x5f5f63695f6c6173745f726567656e65726174657c693a313730313138383032303b61646d696e5f6c6f67696e7c733a313a2231223b61646d696e5f69647c733a313a2231223b6c6f67696e5f757365725f69647c733a313a2231223b6e616d657c733a31323a225363686f6f6c2041646d696e223b6c6f67696e5f747970657c733a353a2241646d696e223b63757272656e745f6c616e67756167657c733a373a22656e676c697368223b666c6173685f6d6573736167657c4e3b),
('75982a7c09efeac9904ab3da25f928787d9c94c6', '::1', 1701175564, 0x5f5f63695f6c6173745f726567656e65726174657c693a313730313137353237373b61646d696e5f6c6f67696e7c733a313a2231223b61646d696e5f69647c733a313a2231223b6c6f67696e5f757365725f69647c733a313a2231223b6e616d657c733a31323a225363686f6f6c2041646d696e223b6c6f67696e5f747970657c733a353a2241646d696e223b63757272656e745f6c616e67756167657c733a373a22656e676c697368223b666c6173685f6d6573736167657c4e3b),
('779c0f43b9863eea4ed41c70c8e11311501cc321', '::1', 1701191272, 0x5f5f63695f6c6173745f726567656e65726174657c693a313730313139313035373b61646d696e5f6c6f67696e7c733a313a2231223b61646d696e5f69647c733a313a2231223b6c6f67696e5f757365725f69647c733a313a2231223b6e616d657c733a31323a225363686f6f6c2041646d696e223b6c6f67696e5f747970657c733a353a2241646d696e223b),
('7891de55dbd015151023f15e2866bd2dadbd5b97', '::1', 1701196755, 0x5f5f63695f6c6173745f726567656e65726174657c693a313730313139363436353b61646d696e5f6c6f67696e7c733a313a2231223b61646d696e5f69647c733a313a2231223b6c6f67696e5f757365725f69647c733a313a2231223b6e616d657c733a31323a225363686f6f6c2041646d696e223b6c6f67696e5f747970657c733a353a2241646d696e223b63757272656e745f6c616e67756167657c733a373a22656e676c697368223b666c6173685f6d6573736167657c4e3b),
('790d2e6fd56b9537e87f14185009202929642cbb', '::1', 1701254203, 0x5f5f63695f6c6173745f726567656e65726174657c693a313730313235343038353b706172656e745f6c6f67696e7c733a313a2231223b706172656e745f69647c733a323a223136223b6c6f67696e5f757365725f69647c733a323a223136223b6e616d657c733a31333a22496c6d61277320506172656e74223b6c6f67696e5f747970657c733a363a22506172656e74223b),
('7b681b36d960ba46ba616dca7d1b21712407826a', '::1', 1701103103, 0x5f5f63695f6c6173745f726567656e65726174657c693a313730313130323833383b61646d696e5f6c6f67696e7c733a313a2231223b61646d696e5f69647c733a313a2231223b6c6f67696e5f757365725f69647c733a313a2231223b6e616d657c733a31323a225363686f6f6c2041646d696e223b6c6f67696e5f747970657c733a353a2241646d696e223b63757272656e745f6c616e67756167657c733a373a22656e676c697368223b),
('7b686165dc524b81dc336295c5b7f6b538076f2d', '::1', 1701204143, 0x5f5f63695f6c6173745f726567656e65726174657c693a313730313230333835333b61646d696e5f6c6f67696e7c733a313a2231223b61646d696e5f69647c733a313a2231223b6c6f67696e5f757365725f69647c733a313a2231223b6e616d657c733a31323a225363686f6f6c2041646d696e223b6c6f67696e5f747970657c733a353a2241646d696e223b),
('7c64040f60bc96b5d6c15f3c520199f2e3ef1206', '::1', 1701104111, 0x5f5f63695f6c6173745f726567656e65726174657c693a313730313130333831373b61646d696e5f6c6f67696e7c733a313a2231223b61646d696e5f69647c733a313a2231223b6c6f67696e5f757365725f69647c733a313a2231223b6e616d657c733a31323a225363686f6f6c2041646d696e223b6c6f67696e5f747970657c733a353a2241646d696e223b63757272656e745f6c616e67756167657c733a373a22656e676c697368223b),
('7d9a4bf3dee4bb0dc1dc535702c25a53b2d540c9', '::1', 1701206346, 0x5f5f63695f6c6173745f726567656e65726174657c693a313730313230363232333b61646d696e5f6c6f67696e7c733a313a2231223b61646d696e5f69647c733a313a2231223b6c6f67696e5f757365725f69647c733a313a2231223b6e616d657c733a31323a225363686f6f6c2041646d696e223b6c6f67696e5f747970657c733a353a2241646d696e223b666c6173685f6d6573736167657c733a31363a224163636f756e74205570646174656421223b5f5f63695f766172737c613a313a7b733a31333a22666c6173685f6d657373616765223b733a333a226f6c64223b7d),
('806f3a2f6607e33b41e2188f625edebb52bacc25', '::1', 1701105081, 0x5f5f63695f6c6173745f726567656e65726174657c693a313730313130343832313b61646d696e5f6c6f67696e7c733a313a2231223b61646d696e5f69647c733a313a2231223b6c6f67696e5f757365725f69647c733a313a2231223b6e616d657c733a31323a225363686f6f6c2041646d696e223b6c6f67696e5f747970657c733a353a2241646d696e223b63757272656e745f6c616e67756167657c733a373a22656e676c697368223b),
('814050dbd9be89e992e28d6461cf72eca3fbcf90', '::1', 1701189308, 0x5f5f63695f6c6173745f726567656e65726174657c693a313730313138393031383b61646d696e5f6c6f67696e7c733a313a2231223b61646d696e5f69647c733a313a2231223b6c6f67696e5f757365725f69647c733a313a2231223b6e616d657c733a31323a225363686f6f6c2041646d696e223b6c6f67696e5f747970657c733a353a2241646d696e223b63757272656e745f6c616e67756167657c733a373a22656e676c697368223b666c6173685f6d6573736167657c4e3b),
('8261e520ca16c612699ff1fd954f01cd6afec18e', '::1', 1701195757, 0x5f5f63695f6c6173745f726567656e65726174657c693a313730313139353435373b61646d696e5f6c6f67696e7c733a313a2231223b61646d696e5f69647c733a313a2231223b6c6f67696e5f757365725f69647c733a313a2231223b6e616d657c733a31323a225363686f6f6c2041646d696e223b6c6f67696e5f747970657c733a353a2241646d696e223b),
('8347d105c8a3046236aba387711f93f1b8223b89', '::1', 1701187177, 0x5f5f63695f6c6173745f726567656e65726174657c693a313730313138363930343b61646d696e5f6c6f67696e7c733a313a2231223b61646d696e5f69647c733a313a2231223b6c6f67696e5f757365725f69647c733a313a2231223b6e616d657c733a31323a225363686f6f6c2041646d696e223b6c6f67696e5f747970657c733a353a2241646d696e223b63757272656e745f6c616e67756167657c733a373a22656e676c697368223b666c6173685f6d6573736167657c4e3b),
('837e45651760d26a6530aaaaf002f0f404f2ae0e', '::1', 1701104419, 0x5f5f63695f6c6173745f726567656e65726174657c693a313730313130343134383b61646d696e5f6c6f67696e7c733a313a2231223b61646d696e5f69647c733a313a2231223b6c6f67696e5f757365725f69647c733a313a2231223b6e616d657c733a31323a225363686f6f6c2041646d696e223b6c6f67696e5f747970657c733a353a2241646d696e223b63757272656e745f6c616e67756167657c733a373a22656e676c697368223b),
('84bb63612e7f9e9febc998afdbeb18915f0ffaa6', '::1', 1701181712, 0x5f5f63695f6c6173745f726567656e65726174657c693a313730313138313434373b61646d696e5f6c6f67696e7c733a313a2231223b61646d696e5f69647c733a313a2231223b6c6f67696e5f757365725f69647c733a313a2231223b6e616d657c733a31323a225363686f6f6c2041646d696e223b6c6f67696e5f747970657c733a353a2241646d696e223b63757272656e745f6c616e67756167657c733a373a22656e676c697368223b666c6173685f6d6573736167657c4e3b),
('853d4eed1173962d15797b382bbe831902a1bacf', '::1', 1701097616, 0x5f5f63695f6c6173745f726567656e65726174657c693a313730313039373631363b61646d696e5f6c6f67696e7c733a313a2231223b61646d696e5f69647c733a313a2231223b6c6f67696e5f757365725f69647c733a313a2231223b6e616d657c733a31323a225363686f6f6c2041646d696e223b6c6f67696e5f747970657c733a353a2241646d696e223b),
('8b27c31142c199ed98008f9075ff06b1905f5965', '::1', 1701167399, 0x5f5f63695f6c6173745f726567656e65726174657c693a313730313136373135373b61646d696e5f6c6f67696e7c733a313a2231223b61646d696e5f69647c733a313a2231223b6c6f67696e5f757365725f69647c733a313a2231223b6e616d657c733a31323a225363686f6f6c2041646d696e223b6c6f67696e5f747970657c733a353a2241646d696e223b),
('8c8d693c24f19d2d3193e0cc916988c78a9e6f8e', '::1', 1701158140, 0x5f5f63695f6c6173745f726567656e65726174657c693a313730313135383034393b61646d696e5f6c6f67696e7c733a313a2231223b61646d696e5f69647c733a313a2231223b6c6f67696e5f757365725f69647c733a313a2231223b6e616d657c733a31323a225363686f6f6c2041646d696e223b6c6f67696e5f747970657c733a353a2241646d696e223b63757272656e745f6c616e67756167657c733a373a22656e676c697368223b666c6173685f6d6573736167657c4e3b),
('8e53a1e367b8976483c97163c2eb2199dbbbb37c', '::1', 1701189615, 0x5f5f63695f6c6173745f726567656e65726174657c693a313730313138393334313b61646d696e5f6c6f67696e7c733a313a2231223b61646d696e5f69647c733a313a2231223b6c6f67696e5f757365725f69647c733a313a2231223b6e616d657c733a31323a225363686f6f6c2041646d696e223b6c6f67696e5f747970657c733a353a2241646d696e223b63757272656e745f6c616e67756167657c733a373a22656e676c697368223b666c6173685f6d6573736167657c4e3b),
('906e53031ce2eae8c042d863614970bfdaa75345', '::1', 1701176980, 0x5f5f63695f6c6173745f726567656e65726174657c693a313730313137363938303b61646d696e5f6c6f67696e7c733a313a2231223b61646d696e5f69647c733a313a2231223b6c6f67696e5f757365725f69647c733a313a2231223b6e616d657c733a31323a225363686f6f6c2041646d696e223b6c6f67696e5f747970657c733a353a2241646d696e223b63757272656e745f6c616e67756167657c733a373a22656e676c697368223b666c6173685f6d6573736167657c4e3b),
('918183c6e483689f15cc0d83fa616917dda1aa52', '::1', 1701179372, 0x5f5f63695f6c6173745f726567656e65726174657c693a313730313137393230383b61646d696e5f6c6f67696e7c733a313a2231223b61646d696e5f69647c733a313a2231223b6c6f67696e5f757365725f69647c733a313a2231223b6e616d657c733a31323a225363686f6f6c2041646d696e223b6c6f67696e5f747970657c733a353a2241646d696e223b63757272656e745f6c616e67756167657c733a373a22656e676c697368223b666c6173685f6d6573736167657c4e3b),
('94245d9f78596c1f84cc655804d557d9695f3d7f', '::1', 1701255655, 0x5f5f63695f6c6173745f726567656e65726174657c693a313730313235353435393b706172656e745f6c6f67696e7c733a313a2231223b706172656e745f69647c733a323a223136223b6c6f67696e5f757365725f69647c733a323a223136223b6e616d657c733a31333a22496c6d61277320506172656e74223b6c6f67696e5f747970657c733a363a22506172656e74223b),
('94b5a0eaed1fa6e37e084f274a9897ea4e2cdf55', '::1', 1701182046, 0x5f5f63695f6c6173745f726567656e65726174657c693a313730313138313738383b61646d696e5f6c6f67696e7c733a313a2231223b61646d696e5f69647c733a313a2231223b6c6f67696e5f757365725f69647c733a313a2231223b6e616d657c733a31323a225363686f6f6c2041646d696e223b6c6f67696e5f747970657c733a353a2241646d696e223b63757272656e745f6c616e67756167657c733a373a22656e676c697368223b666c6173685f6d6573736167657c4e3b),
('9559826d63f8de542e269e4c4bff255b200144bf', '::1', 1701252929, 0x5f5f63695f6c6173745f726567656e65726174657c693a313730313235323734393b61646d696e5f6c6f67696e7c733a313a2231223b61646d696e5f69647c733a313a2231223b6c6f67696e5f757365725f69647c733a313a2231223b6e616d657c733a31323a225363686f6f6c2041646d696e223b6c6f67696e5f747970657c733a353a2241646d696e223b666c6173685f6572726f727c733a33303a2243686f6f7365204578616d2c20436c61737320616e64205375626a656374223b5f5f63695f766172737c613a313a7b733a31313a22666c6173685f6572726f72223b733a333a226f6c64223b7d),
('95fd4043255ffa3a1826014eb59c916f839c8ef7', '::1', 1701159126, 0x5f5f63695f6c6173745f726567656e65726174657c693a313730313135383839393b61646d696e5f6c6f67696e7c733a313a2231223b61646d696e5f69647c733a313a2231223b6c6f67696e5f757365725f69647c733a313a2231223b6e616d657c733a31323a225363686f6f6c2041646d696e223b6c6f67696e5f747970657c733a353a2241646d696e223b),
('9719329c37356bc231b10df83d5280790bb168cf', '::1', 1701171984, 0x5f5f63695f6c6173745f726567656e65726174657c693a313730313137313738333b61646d696e5f6c6f67696e7c733a313a2231223b61646d696e5f69647c733a313a2231223b6c6f67696e5f757365725f69647c733a313a2231223b6e616d657c733a31323a225363686f6f6c2041646d696e223b6c6f67696e5f747970657c733a353a2241646d696e223b63757272656e745f6c616e67756167657c733a373a22656e676c697368223b666c6173685f6d6573736167657c4e3b),
('98538ced4ef4560516a45fc1534bcfb7b9663d54', '::1', 1701170151, 0x5f5f63695f6c6173745f726567656e65726174657c693a313730313137303030383b61646d696e5f6c6f67696e7c733a313a2231223b61646d696e5f69647c733a313a2231223b6c6f67696e5f757365725f69647c733a313a2231223b6e616d657c733a31323a225363686f6f6c2041646d696e223b6c6f67696e5f747970657c733a353a2241646d696e223b63757272656e745f6c616e67756167657c733a373a22656e676c697368223b666c6173685f6d6573736167657c4e3b),
('98ae77f3326570c5692ff5ed46219f98f205c16f', '::1', 1701175196, 0x5f5f63695f6c6173745f726567656e65726174657c693a313730313137343931343b61646d696e5f6c6f67696e7c733a313a2231223b61646d696e5f69647c733a313a2231223b6c6f67696e5f757365725f69647c733a313a2231223b6e616d657c733a31323a225363686f6f6c2041646d696e223b6c6f67696e5f747970657c733a353a2241646d696e223b63757272656e745f6c616e67756167657c733a373a22656e676c697368223b666c6173685f6d6573736167657c4e3b),
('98fdcca98403e0415a1016d9de1d605eb38ffa3e', '::1', 1701107464, 0x5f5f63695f6c6173745f726567656e65726174657c693a313730313130373230363b61646d696e5f6c6f67696e7c733a313a2231223b61646d696e5f69647c733a313a2231223b6c6f67696e5f757365725f69647c733a313a2231223b6e616d657c733a31323a225363686f6f6c2041646d696e223b6c6f67696e5f747970657c733a353a2241646d696e223b63757272656e745f6c616e67756167657c733a373a22656e676c697368223b),
('9b57d5a5b585b7d2e6a68dfd4d80f654b30ace43', '::1', 1701197965, 0x5f5f63695f6c6173745f726567656e65726174657c693a313730313139373830393b61646d696e5f6c6f67696e7c733a313a2231223b61646d696e5f69647c733a313a2231223b6c6f67696e5f757365725f69647c733a313a2231223b6e616d657c733a31323a225363686f6f6c2041646d696e223b6c6f67696e5f747970657c733a353a2241646d696e223b63757272656e745f6c616e67756167657c733a373a22656e676c697368223b666c6173685f6d6573736167657c4e3b),
('9f949689268fb817d9c552e35d40c3489cae49ac', '::1', 1701107790, 0x5f5f63695f6c6173745f726567656e65726174657c693a313730313130373531303b61646d696e5f6c6f67696e7c733a313a2231223b61646d696e5f69647c733a313a2231223b6c6f67696e5f757365725f69647c733a313a2231223b6e616d657c733a31323a225363686f6f6c2041646d696e223b6c6f67696e5f747970657c733a353a2241646d696e223b63757272656e745f6c616e67756167657c733a373a22656e676c697368223b),
('a02ca2fe5a81a5e676448eee34cb6396c3d8a16a', '::1', 1701200697, 0x5f5f63695f6c6173745f726567656e65726174657c693a313730313230303434393b61646d696e5f6c6f67696e7c733a313a2231223b61646d696e5f69647c733a313a2231223b6c6f67696e5f757365725f69647c733a313a2231223b6e616d657c733a31323a225363686f6f6c2041646d696e223b6c6f67696e5f747970657c733a353a2241646d696e223b),
('a0e4cf7281f3ea77e86f26f1441d27d134ce8d95', '::1', 1701180769, 0x5f5f63695f6c6173745f726567656e65726174657c693a313730313138303735393b61646d696e5f6c6f67696e7c733a313a2231223b61646d696e5f69647c733a313a2231223b6c6f67696e5f757365725f69647c733a313a2231223b6e616d657c733a31323a225363686f6f6c2041646d696e223b6c6f67696e5f747970657c733a353a2241646d696e223b),
('a154556b4952649bbf20b7f32b255c19b7083b21', '::1', 1701201630, 0x5f5f63695f6c6173745f726567656e65726174657c693a313730313230313336313b61646d696e5f6c6f67696e7c733a313a2231223b61646d696e5f69647c733a313a2231223b6c6f67696e5f757365725f69647c733a313a2231223b6e616d657c733a31323a225363686f6f6c2041646d696e223b6c6f67696e5f747970657c733a353a2241646d696e223b63757272656e745f6c616e67756167657c733a373a22656e676c697368223b666c6173685f6d6573736167657c4e3b),
('a23c31026aa86cd91b9b2135a71f12dd0e6c8366', '::1', 1701210637, 0x5f5f63695f6c6173745f726567656e65726174657c693a313730313231303335303b61646d696e5f6c6f67696e7c733a313a2231223b61646d696e5f69647c733a313a2231223b6c6f67696e5f757365725f69647c733a313a2231223b6e616d657c733a31323a225363686f6f6c2041646d696e223b6c6f67696e5f747970657c733a353a2241646d696e223b),
('a58a53c27439c3c90d2a5b80f12b1a3dc76fd097', '::1', 1701172325, 0x5f5f63695f6c6173745f726567656e65726174657c693a313730313137323136343b61646d696e5f6c6f67696e7c733a313a2231223b61646d696e5f69647c733a313a2231223b6c6f67696e5f757365725f69647c733a313a2231223b6e616d657c733a31323a225363686f6f6c2041646d696e223b6c6f67696e5f747970657c733a353a2241646d696e223b63757272656e745f6c616e67756167657c733a373a22656e676c697368223b666c6173685f6d6573736167657c4e3b),
('a59d2b7103d08852130fc81e2c4059a6ae53a2dd', '::1', 1701262283, 0x5f5f63695f6c6173745f726567656e65726174657c693a313730313236313939373b73747564656e745f6c6f67696e7c733a313a2231223b73747564656e745f69647c733a313a2232223b6c6f67696e5f757365725f69647c733a313a2232223b6e616d657c733a353a22526968616d223b6c6f67696e5f747970657c733a373a2253747564656e74223b),
('a68c6b70e5ae96d3490255bf6d460992512ba349', '::1', 1701109927, 0x5f5f63695f6c6173745f726567656e65726174657c693a313730313130393530353b61646d696e5f6c6f67696e7c733a313a2231223b61646d696e5f69647c733a313a2231223b6c6f67696e5f757365725f69647c733a313a2231223b6e616d657c733a31323a225363686f6f6c2041646d696e223b6c6f67696e5f747970657c733a353a2241646d696e223b63757272656e745f6c616e67756167657c733a373a22656e676c697368223b),
('a72ea918c5bcc3e2944cdca550f93273590b10b6', '::1', 1701114782, 0x5f5f63695f6c6173745f726567656e65726174657c693a313730313131343438383b61646d696e5f6c6f67696e7c733a313a2231223b61646d696e5f69647c733a313a2231223b6c6f67696e5f757365725f69647c733a313a2231223b6e616d657c733a31323a225363686f6f6c2041646d696e223b6c6f67696e5f747970657c733a353a2241646d696e223b63757272656e745f6c616e67756167657c733a373a22656e676c697368223b666c6173685f6d6573736167657c4e3b),
('a929f4119b404df6d4e034165ae6c01623dc2668', '::1', 1701166685, 0x5f5f63695f6c6173745f726567656e65726174657c693a313730313136363339343b61646d696e5f6c6f67696e7c733a313a2231223b61646d696e5f69647c733a313a2231223b6c6f67696e5f757365725f69647c733a313a2231223b6e616d657c733a31323a225363686f6f6c2041646d696e223b6c6f67696e5f747970657c733a353a2241646d696e223b),
('ad5fdaa4078bcda9da9bb52262eeffa09fd650db', '::1', 1701157576, 0x5f5f63695f6c6173745f726567656e65726174657c693a313730313135373330313b61646d696e5f6c6f67696e7c733a313a2231223b61646d696e5f69647c733a313a2231223b6c6f67696e5f757365725f69647c733a313a2231223b6e616d657c733a31323a225363686f6f6c2041646d696e223b6c6f67696e5f747970657c733a353a2241646d696e223b),
('b04cab76bbac7085dd8f760852f75a56b1f3169e', '::1', 1701115116, 0x5f5f63695f6c6173745f726567656e65726174657c693a313730313131343835383b61646d696e5f6c6f67696e7c733a313a2231223b61646d696e5f69647c733a313a2231223b6c6f67696e5f757365725f69647c733a313a2231223b6e616d657c733a31323a225363686f6f6c2041646d696e223b6c6f67696e5f747970657c733a353a2241646d696e223b63757272656e745f6c616e67756167657c733a373a22656e676c697368223b666c6173685f6d6573736167657c4e3b),
('b152a676a92292462c86c5bffc359811a26dc88c', '::1', 1701190758, 0x5f5f63695f6c6173745f726567656e65726174657c693a313730313139303438313b61646d696e5f6c6f67696e7c733a313a2231223b61646d696e5f69647c733a313a2231223b6c6f67696e5f757365725f69647c733a313a2231223b6e616d657c733a31323a225363686f6f6c2041646d696e223b6c6f67696e5f747970657c733a353a2241646d696e223b),
('b21f1946adfba78cf3f55429917516185e8d967d', '::1', 1701202709, 0x5f5f63695f6c6173745f726567656e65726174657c693a313730313230323634383b61646d696e5f6c6f67696e7c733a313a2231223b61646d696e5f69647c733a313a2231223b6c6f67696e5f757365725f69647c733a313a2231223b6e616d657c733a31323a225363686f6f6c2041646d696e223b6c6f67696e5f747970657c733a353a2241646d696e223b);
INSERT INTO `ci_sessions` (`id`, `ip_address`, `timestamp`, `data`) VALUES
('b2a8a3d9fcf04295c3dcebf556d36dc4c9b6d25b', '::1', 1701208377, 0x5f5f63695f6c6173745f726567656e65726174657c693a313730313230383132383b61646d696e5f6c6f67696e7c733a313a2231223b61646d696e5f69647c733a313a2231223b6c6f67696e5f757365725f69647c733a313a2231223b6e616d657c733a31323a225363686f6f6c2041646d696e223b6c6f67696e5f747970657c733a353a2241646d696e223b),
('b2ff080307dd4e283db470eaa71f6f2ff4070e57', '::1', 1483228967, 0x5f5f63695f6c6173745f726567656e65726174657c693a313730313131393336303b61646d696e5f6c6f67696e7c733a313a2231223b61646d696e5f69647c733a313a2231223b6c6f67696e5f757365725f69647c733a313a2231223b6e616d657c733a31323a225363686f6f6c2041646d696e223b6c6f67696e5f747970657c733a353a2241646d696e223b63757272656e745f6c616e67756167657c733a373a22656e676c697368223b666c6173685f6d6573736167657c4e3b),
('b40a76672ebe14f214dd35e7215c7b84bcc1c722', '::1', 1701201161, 0x5f5f63695f6c6173745f726567656e65726174657c693a313730313230303939363b61646d696e5f6c6f67696e7c733a313a2231223b61646d696e5f69647c733a313a2231223b6c6f67696e5f757365725f69647c733a313a2231223b6e616d657c733a31323a225363686f6f6c2041646d696e223b6c6f67696e5f747970657c733a353a2241646d696e223b63757272656e745f6c616e67756167657c733a373a22656e676c697368223b666c6173685f6d6573736167657c4e3b),
('b4c4abd71c45c1b90c813dac9fddc23cd749e914', '::1', 1701187423, 0x5f5f63695f6c6173745f726567656e65726174657c693a313730313138373237313b61646d696e5f6c6f67696e7c733a313a2231223b61646d696e5f69647c733a313a2231223b6c6f67696e5f757365725f69647c733a313a2231223b6e616d657c733a31323a225363686f6f6c2041646d696e223b6c6f67696e5f747970657c733a353a2241646d696e223b63757272656e745f6c616e67756167657c733a373a22656e676c697368223b666c6173685f6d6573736167657c4e3b),
('b57862a05acc0a579985c89436cfc90ba85cee41', '::1', 1701259136, 0x5f5f63695f6c6173745f726567656e65726174657c693a313730313235383834343b61646d696e5f6c6f67696e7c733a313a2231223b61646d696e5f69647c733a313a2231223b6c6f67696e5f757365725f69647c733a313a2231223b6e616d657c733a31323a225363686f6f6c2041646d696e223b6c6f67696e5f747970657c733a353a2241646d696e223b),
('b5aa1868b39aad4b75c2b03f1b5b042fddb4c967', '::1', 1701256698, 0x5f5f63695f6c6173745f726567656e65726174657c693a313730313235363435353b706172656e745f6c6f67696e7c733a313a2231223b706172656e745f69647c733a323a223136223b6c6f67696e5f757365725f69647c733a323a223136223b6e616d657c733a31333a22496c6d61277320506172656e74223b6c6f67696e5f747970657c733a363a22506172656e74223b),
('b5fbb78a93bd1dd91ac0880380a9e3d2a5aac631', '::1', 1701211602, 0x5f5f63695f6c6173745f726567656e65726174657c693a313730313231313334383b61646d696e5f6c6f67696e7c733a313a2231223b61646d696e5f69647c733a313a2231223b6c6f67696e5f757365725f69647c733a313a2231223b6e616d657c733a31323a225363686f6f6c2041646d696e223b6c6f67696e5f747970657c733a353a2241646d696e223b),
('bb268a26ef2fc94ae2dce007e1ed6a66da21110b', '::1', 1701179787, 0x5f5f63695f6c6173745f726567656e65726174657c693a313730313137393533363b61646d696e5f6c6f67696e7c733a313a2231223b61646d696e5f69647c733a313a2231223b6c6f67696e5f757365725f69647c733a313a2231223b6e616d657c733a31323a225363686f6f6c2041646d696e223b6c6f67696e5f747970657c733a353a2241646d696e223b63757272656e745f6c616e67756167657c733a373a22656e676c697368223b666c6173685f6d6573736167657c4e3b),
('bb9f164f7966c2e1b3f2190b79fb834f11281958', '::1', 1701105468, 0x5f5f63695f6c6173745f726567656e65726174657c693a313730313130353436353b61646d696e5f6c6f67696e7c733a313a2231223b61646d696e5f69647c733a313a2231223b6c6f67696e5f757365725f69647c733a313a2231223b6e616d657c733a31323a225363686f6f6c2041646d696e223b6c6f67696e5f747970657c733a353a2241646d696e223b63757272656e745f6c616e67756167657c733a373a22656e676c697368223b),
('be432b680abf46ad9726a6aea16404a62bded32d', '::1', 1701197360, 0x5f5f63695f6c6173745f726567656e65726174657c693a313730313139373039323b61646d696e5f6c6f67696e7c733a313a2231223b61646d696e5f69647c733a313a2231223b6c6f67696e5f757365725f69647c733a313a2231223b6e616d657c733a31323a225363686f6f6c2041646d696e223b6c6f67696e5f747970657c733a353a2241646d696e223b63757272656e745f6c616e67756167657c733a373a22656e676c697368223b666c6173685f6d6573736167657c4e3b),
('c09878473699ea53b0bd0f3ba5d80ccf8b8ed68b', '::1', 1701207628, 0x5f5f63695f6c6173745f726567656e65726174657c693a313730313230373631313b61646d696e5f6c6f67696e7c733a313a2231223b61646d696e5f69647c733a313a2231223b6c6f67696e5f757365725f69647c733a313a2231223b6e616d657c733a31323a225363686f6f6c2041646d696e223b6c6f67696e5f747970657c733a353a2241646d696e223b),
('c0c9610b6881f034bf3d56b0bc50d9e1b6f71a31', '::1', 1701159628, 0x5f5f63695f6c6173745f726567656e65726174657c693a313730313135393335353b61646d696e5f6c6f67696e7c733a313a2231223b61646d696e5f69647c733a313a2231223b6c6f67696e5f757365725f69647c733a313a2231223b6e616d657c733a31323a225363686f6f6c2041646d696e223b6c6f67696e5f747970657c733a353a2241646d696e223b),
('c18fb72a01c366ddbd8618f5d1ec2a03582f27e8', '::1', 1701252670, 0x5f5f63695f6c6173745f726567656e65726174657c693a313730313235323338303b61646d696e5f6c6f67696e7c733a313a2231223b61646d696e5f69647c733a313a2231223b6c6f67696e5f757365725f69647c733a313a2231223b6e616d657c733a31323a225363686f6f6c2041646d696e223b6c6f67696e5f747970657c733a353a2241646d696e223b),
('c3f6de7b885233d68cf143a4622dbe14a0d0350c', '::1', 1701108488, 0x5f5f63695f6c6173745f726567656e65726174657c693a313730313130383139303b61646d696e5f6c6f67696e7c733a313a2231223b61646d696e5f69647c733a313a2231223b6c6f67696e5f757365725f69647c733a313a2231223b6e616d657c733a31323a225363686f6f6c2041646d696e223b6c6f67696e5f747970657c733a353a2241646d696e223b63757272656e745f6c616e67756167657c733a373a22656e676c697368223b),
('c412428bc998ba996e75efb085694636b10088da', '::1', 1701115388, 0x5f5f63695f6c6173745f726567656e65726174657c693a313730313131353137353b61646d696e5f6c6f67696e7c733a313a2231223b61646d696e5f69647c733a313a2231223b6c6f67696e5f757365725f69647c733a313a2231223b6e616d657c733a31323a225363686f6f6c2041646d696e223b6c6f67696e5f747970657c733a353a2241646d696e223b63757272656e745f6c616e67756167657c733a373a22656e676c697368223b666c6173685f6d6573736167657c4e3b),
('c491f29fd3649d565788f68c11dd392684df60d9', '::1', 1701180283, 0x5f5f63695f6c6173745f726567656e65726174657c693a313730313138303037363b61646d696e5f6c6f67696e7c733a313a2231223b61646d696e5f69647c733a313a2231223b6c6f67696e5f757365725f69647c733a313a2231223b6e616d657c733a31323a225363686f6f6c2041646d696e223b6c6f67696e5f747970657c733a353a2241646d696e223b63757272656e745f6c616e67756167657c733a373a22656e676c697368223b666c6173685f6d6573736167657c4e3b),
('c59c84d3bed62878e111059ae9c8201142bfe069', '::1', 1701263925, 0x5f5f63695f6c6173745f726567656e65726174657c693a313730313236333536333b746561636865725f6c6f67696e7c733a313a2231223b746561636865725f69647c733a313a2232223b6c6f67696e5f757365725f69647c733a313a2232223b6e616d657c733a393a22536176697468726565223b6c6f67696e5f747970657c733a373a2254656163686572223b63757272656e745f6c616e67756167657c733a373a22656e676c697368223b),
('c6098b34adf7787e57ee89748f8add9fe2f15df9', '::1', 1701156924, 0x5f5f63695f6c6173745f726567656e65726174657c693a313730313135363633323b61646d696e5f6c6f67696e7c733a313a2231223b61646d696e5f69647c733a313a2231223b6c6f67696e5f757365725f69647c733a313a2231223b6e616d657c733a31323a225363686f6f6c2041646d696e223b6c6f67696e5f747970657c733a353a2241646d696e223b),
('c99a10ee7679e9b72aa93add25d90fc26340a555', '::1', 1701209669, 0x5f5f63695f6c6173745f726567656e65726174657c693a313730313230393633363b61646d696e5f6c6f67696e7c733a313a2231223b61646d696e5f69647c733a313a2231223b6c6f67696e5f757365725f69647c733a313a2231223b6e616d657c733a31323a225363686f6f6c2041646d696e223b6c6f67696e5f747970657c733a353a2241646d696e223b666c6173685f6d6573736167657c733a31383a2250617373776f7264204d69736d6174636821223b5f5f63695f766172737c613a313a7b733a31333a22666c6173685f6d657373616765223b733a333a226f6c64223b7d),
('d264022de8a3959e40703067cc7975c1dfbc74a1', '::1', 1701205580, 0x5f5f63695f6c6173745f726567656e65726174657c693a313730313230353435343b61646d696e5f6c6f67696e7c733a313a2231223b61646d696e5f69647c733a313a2231223b6c6f67696e5f757365725f69647c733a313a2231223b6e616d657c733a31323a225363686f6f6c2041646d696e223b6c6f67696e5f747970657c733a353a2241646d696e223b),
('d27f1fe115fa2e08dd5da3cdd3bcfee2557bf961', '::1', 1701173815, 0x5f5f63695f6c6173745f726567656e65726174657c693a313730313137333538383b61646d696e5f6c6f67696e7c733a313a2231223b61646d696e5f69647c733a313a2231223b6c6f67696e5f757365725f69647c733a313a2231223b6e616d657c733a31323a225363686f6f6c2041646d696e223b6c6f67696e5f747970657c733a353a2241646d696e223b63757272656e745f6c616e67756167657c733a373a22656e676c697368223b666c6173685f6d6573736167657c4e3b),
('d2adea56e8ff04ed5f4d11085bb4b4bcd33dc588', '::1', 1701187893, 0x5f5f63695f6c6173745f726567656e65726174657c693a313730313138373631313b61646d696e5f6c6f67696e7c733a313a2231223b61646d696e5f69647c733a313a2231223b6c6f67696e5f757365725f69647c733a313a2231223b6e616d657c733a31323a225363686f6f6c2041646d696e223b6c6f67696e5f747970657c733a353a2241646d696e223b63757272656e745f6c616e67756167657c733a373a22656e676c697368223b666c6173685f6d6573736167657c4e3b),
('d300c49839d52b4800ceefd2d5f4403b2fed01ad', '::1', 1701183915, 0x5f5f63695f6c6173745f726567656e65726174657c693a313730313138333631343b61646d696e5f6c6f67696e7c733a313a2231223b61646d696e5f69647c733a313a2231223b6c6f67696e5f757365725f69647c733a313a2231223b6e616d657c733a31323a225363686f6f6c2041646d696e223b6c6f67696e5f747970657c733a353a2241646d696e223b63757272656e745f6c616e67756167657c733a373a22656e676c697368223b666c6173685f6d6573736167657c4e3b),
('d393791855fe0cd63d869fbe6a6bdef1e5705c4b', '::1', 1701189955, 0x5f5f63695f6c6173745f726567656e65726174657c693a313730313138393636303b61646d696e5f6c6f67696e7c733a313a2231223b61646d696e5f69647c733a313a2231223b6c6f67696e5f757365725f69647c733a313a2231223b6e616d657c733a31323a225363686f6f6c2041646d696e223b6c6f67696e5f747970657c733a353a2241646d696e223b63757272656e745f6c616e67756167657c733a373a22656e676c697368223b666c6173685f6d6573736167657c4e3b),
('d4a605eae45e31b11ac13b50932691d71f2d5fb5', '::1', 1701204413, 0x5f5f63695f6c6173745f726567656e65726174657c693a313730313230343138343b61646d696e5f6c6f67696e7c733a313a2231223b61646d696e5f69647c733a313a2231223b6c6f67696e5f757365725f69647c733a313a2231223b6e616d657c733a31323a225363686f6f6c2041646d696e223b6c6f67696e5f747970657c733a353a2241646d696e223b666c6173685f6d6573736167657c733a31323a22646174615f64656c65746564223b5f5f63695f766172737c613a313a7b733a31333a22666c6173685f6d657373616765223b733a333a226f6c64223b7d),
('d66fe19ccbeb54ff5f8ae117a7f357cc349eeb80', '::1', 1701257776, 0x5f5f63695f6c6173745f726567656e65726174657c693a313730313235373531373b706172656e745f6c6f67696e7c733a313a2231223b706172656e745f69647c733a323a223136223b6c6f67696e5f757365725f69647c733a323a223136223b6e616d657c733a31333a22496c6d61277320506172656e74223b6c6f67696e5f747970657c733a363a22506172656e74223b),
('d718cd8839cb7825eea7276f866057727b0d231f', '::1', 1701257445, 0x5f5f63695f6c6173745f726567656e65726174657c693a313730313235373136303b61646d696e5f6c6f67696e7c733a313a2231223b61646d696e5f69647c733a313a2231223b6c6f67696e5f757365725f69647c733a313a2231223b6e616d657c733a31323a225363686f6f6c2041646d696e223b6c6f67696e5f747970657c733a353a2241646d696e223b),
('d8215fdf4ca90000eeb46e7f945474ff095fcc77', '::1', 1701178653, 0x5f5f63695f6c6173745f726567656e65726174657c693a313730313137383439333b61646d696e5f6c6f67696e7c733a313a2231223b61646d696e5f69647c733a313a2231223b6c6f67696e5f757365725f69647c733a313a2231223b6e616d657c733a31323a225363686f6f6c2041646d696e223b6c6f67696e5f747970657c733a353a2241646d696e223b63757272656e745f6c616e67756167657c733a373a22656e676c697368223b666c6173685f6d6573736167657c4e3b),
('d8293d075a2c98b021fade2d55f63342e7ee8a07', '::1', 1701108166, 0x5f5f63695f6c6173745f726567656e65726174657c693a313730313130373838323b61646d696e5f6c6f67696e7c733a313a2231223b61646d696e5f69647c733a313a2231223b6c6f67696e5f757365725f69647c733a313a2231223b6e616d657c733a31323a225363686f6f6c2041646d696e223b6c6f67696e5f747970657c733a353a2241646d696e223b63757272656e745f6c616e67756167657c733a373a22656e676c697368223b),
('dac29b0adacc05a3a6a4c4377170c2546bbce3ae', '::1', 1701258680, 0x5f5f63695f6c6173745f726567656e65726174657c693a313730313235383338313b706172656e745f6c6f67696e7c733a313a2231223b706172656e745f69647c733a323a223136223b6c6f67696e5f757365725f69647c733a323a223136223b6e616d657c733a31333a22496c6d61277320506172656e74223b6c6f67696e5f747970657c733a363a22506172656e74223b),
('daca2a7cf8e267e467222cee53c67ae31af973fa', '::1', 1701186798, 0x5f5f63695f6c6173745f726567656e65726174657c693a313730313138363532353b61646d696e5f6c6f67696e7c733a313a2231223b61646d696e5f69647c733a313a2231223b6c6f67696e5f757365725f69647c733a313a2231223b6e616d657c733a31323a225363686f6f6c2041646d696e223b6c6f67696e5f747970657c733a353a2241646d696e223b63757272656e745f6c616e67756167657c733a373a22656e676c697368223b666c6173685f6d6573736167657c4e3b),
('dbed13cb09200db6ce6645a7f9eb789f36a104d7', '::1', 1701258084, 0x5f5f63695f6c6173745f726567656e65726174657c693a313730313235373933333b706172656e745f6c6f67696e7c733a313a2231223b706172656e745f69647c733a323a223136223b6c6f67696e5f757365725f69647c733a323a223136223b6e616d657c733a31333a22496c6d61277320506172656e74223b6c6f67696e5f747970657c733a363a22506172656e74223b),
('de2f2da10119a3b0bbdb1c7e6bea90d451013932', '::1', 1701103762, 0x5f5f63695f6c6173745f726567656e65726174657c693a313730313130333438383b61646d696e5f6c6f67696e7c733a313a2231223b61646d696e5f69647c733a313a2231223b6c6f67696e5f757365725f69647c733a313a2231223b6e616d657c733a31323a225363686f6f6c2041646d696e223b6c6f67696e5f747970657c733a353a2241646d696e223b63757272656e745f6c616e67756167657c733a373a22656e676c697368223b),
('dfd6b29c8bdc47b190e6f0df587ac6346a79e16d', '::1', 1701169649, 0x5f5f63695f6c6173745f726567656e65726174657c693a313730313136393337323b61646d696e5f6c6f67696e7c733a313a2231223b61646d696e5f69647c733a313a2231223b6c6f67696e5f757365725f69647c733a313a2231223b6e616d657c733a31323a225363686f6f6c2041646d696e223b6c6f67696e5f747970657c733a353a2241646d696e223b63757272656e745f6c616e67756167657c733a373a22656e676c697368223b666c6173685f6d6573736167657c4e3b),
('dff04f90c3a51694553c80d40e855327a85da238', '::1', 1701174127, 0x5f5f63695f6c6173745f726567656e65726174657c693a313730313137333838393b61646d696e5f6c6f67696e7c733a313a2231223b61646d696e5f69647c733a313a2231223b6c6f67696e5f757365725f69647c733a313a2231223b6e616d657c733a31323a225363686f6f6c2041646d696e223b6c6f67696e5f747970657c733a353a2241646d696e223b63757272656e745f6c616e67756167657c733a373a22656e676c697368223b666c6173685f6d6573736167657c4e3b),
('e0ae7d6842750a35195c41ab817095d2c3bdf1b1', '::1', 1701181121, 0x5f5f63695f6c6173745f726567656e65726174657c693a313730313138313130323b61646d696e5f6c6f67696e7c733a313a2231223b61646d696e5f69647c733a313a2231223b6c6f67696e5f757365725f69647c733a313a2231223b6e616d657c733a31323a225363686f6f6c2041646d696e223b6c6f67696e5f747970657c733a353a2241646d696e223b63757272656e745f6c616e67756167657c733a373a22656e676c697368223b),
('e0d74afc0bbc59d574a69e4213bf62fc05b3fd47', '::1', 1701158761, 0x5f5f63695f6c6173745f726567656e65726174657c693a313730313135383436313b61646d696e5f6c6f67696e7c733a313a2231223b61646d696e5f69647c733a313a2231223b6c6f67696e5f757365725f69647c733a313a2231223b6e616d657c733a31323a225363686f6f6c2041646d696e223b6c6f67696e5f747970657c733a353a2241646d696e223b),
('e30e73b7fb9b1d58eb325de41de381c84387e8fc', '::1', 1701263165, 0x5f5f63695f6c6173745f726567656e65726174657c693a313730313236323832333b746561636865725f6c6f67696e7c733a313a2231223b746561636865725f69647c733a313a2232223b6c6f67696e5f757365725f69647c733a313a2232223b6e616d657c733a393a22536176697468726565223b6c6f67696e5f747970657c733a373a2254656163686572223b63757272656e745f6c616e67756167657c733a373a22656e676c697368223b),
('e40b0b5ef8535ea9dbedf839776ae474296548cc', '::1', 1701257144, 0x5f5f63695f6c6173745f726567656e65726174657c693a313730313235363835353b61646d696e5f6c6f67696e7c733a313a2231223b61646d696e5f69647c733a313a2231223b6c6f67696e5f757365725f69647c733a313a2231223b6e616d657c733a31323a225363686f6f6c2041646d696e223b6c6f67696e5f747970657c733a353a2241646d696e223b),
('e43bdff381369af3181a1f0529c33e6f9128e2a2', '::1', 1701182607, 0x5f5f63695f6c6173745f726567656e65726174657c693a313730313138323337313b61646d696e5f6c6f67696e7c733a313a2231223b61646d696e5f69647c733a313a2231223b6c6f67696e5f757365725f69647c733a313a2231223b6e616d657c733a31323a225363686f6f6c2041646d696e223b6c6f67696e5f747970657c733a353a2241646d696e223b63757272656e745f6c616e67756167657c733a373a22656e676c697368223b666c6173685f6d6573736167657c4e3b),
('e4fc94080070de8002c8cbc0bd97d9f3fab02193', '::1', 1701185652, 0x5f5f63695f6c6173745f726567656e65726174657c693a313730313138353333343b61646d696e5f6c6f67696e7c733a313a2231223b61646d696e5f69647c733a313a2231223b6c6f67696e5f757365725f69647c733a313a2231223b6e616d657c733a31323a225363686f6f6c2041646d696e223b6c6f67696e5f747970657c733a353a2241646d696e223b63757272656e745f6c616e67756167657c733a373a22656e676c697368223b666c6173685f6d6573736167657c4e3b),
('e63e2791418d06452172dc832ae953620806d9c9', '::1', 1701169090, 0x5f5f63695f6c6173745f726567656e65726174657c693a313730313136383831363b61646d696e5f6c6f67696e7c733a313a2231223b61646d696e5f69647c733a313a2231223b6c6f67696e5f757365725f69647c733a313a2231223b6e616d657c733a31323a225363686f6f6c2041646d696e223b6c6f67696e5f747970657c733a353a2241646d696e223b63757272656e745f6c616e67756167657c733a373a22656e676c697368223b666c6173685f6d6573736167657c4e3b),
('e79022f4b83a0649514e5b602ea267a891426c9c', '::1', 1701259460, 0x5f5f63695f6c6173745f726567656e65726174657c693a313730313235393137353b61646d696e5f6c6f67696e7c733a313a2231223b61646d696e5f69647c733a313a2231223b6c6f67696e5f757365725f69647c733a313a2231223b6e616d657c733a31323a225363686f6f6c2041646d696e223b6c6f67696e5f747970657c733a353a2241646d696e223b),
('e8afa9ce47f5dee5904c164ace1adc2d20c40642', '::1', 1701116175, 0x5f5f63695f6c6173745f726567656e65726174657c693a313730313131353936383b61646d696e5f6c6f67696e7c733a313a2231223b61646d696e5f69647c733a313a2231223b6c6f67696e5f757365725f69647c733a313a2231223b6e616d657c733a31323a225363686f6f6c2041646d696e223b6c6f67696e5f747970657c733a353a2241646d696e223b63757272656e745f6c616e67756167657c733a373a22656e676c697368223b666c6173685f6d6573736167657c4e3b),
('e93eda6877f74e9382f2f842fdafc25b414e6370', '::1', 1701105335, 0x5f5f63695f6c6173745f726567656e65726174657c693a313730313130353132343b61646d696e5f6c6f67696e7c733a313a2231223b61646d696e5f69647c733a313a2231223b6c6f67696e5f757365725f69647c733a313a2231223b6e616d657c733a31323a225363686f6f6c2041646d696e223b6c6f67696e5f747970657c733a353a2241646d696e223b63757272656e745f6c616e67756167657c733a373a22656e676c697368223b),
('ea1f10a9c0c69f64f73e561dd8ee3b551f35e9b8', '::1', 1701259850, 0x5f5f63695f6c6173745f726567656e65726174657c693a313730313235393537373b61646d696e5f6c6f67696e7c733a313a2231223b61646d696e5f69647c733a313a2231223b6c6f67696e5f757365725f69647c733a313a2231223b6e616d657c733a31323a225363686f6f6c2041646d696e223b6c6f67696e5f747970657c733a353a2241646d696e223b),
('ecfb66e242b00c1a53dbc0ecc4262ef141e1fb5f', '::1', 1701199861, 0x5f5f63695f6c6173745f726567656e65726174657c693a313730313139393538333b61646d696e5f6c6f67696e7c733a313a2231223b61646d696e5f69647c733a313a2231223b6c6f67696e5f757365725f69647c733a313a2231223b6e616d657c733a31323a225363686f6f6c2041646d696e223b6c6f67696e5f747970657c733a353a2241646d696e223b),
('eea17bdbda2bcbb3fa78ab0fa05ff6689efb49be', '::1', 1701162154, 0x5f5f63695f6c6173745f726567656e65726174657c693a313730313136323030363b61646d696e5f6c6f67696e7c733a313a2231223b61646d696e5f69647c733a313a2231223b6c6f67696e5f757365725f69647c733a313a2231223b6e616d657c733a31323a225363686f6f6c2041646d696e223b6c6f67696e5f747970657c733a353a2241646d696e223b),
('ef906ef77a36d1cf15455131854b921dae160a26', '::1', 1701264375, 0x5f5f63695f6c6173745f726567656e65726174657c693a313730313236343334393b61646d696e5f6c6f67696e7c733a313a2231223b61646d696e5f69647c733a313a2231223b6c6f67696e5f757365725f69647c733a313a2231223b6e616d657c733a31323a225363686f6f6c2041646d696e223b6c6f67696e5f747970657c733a353a2241646d696e223b),
('f0f8297336d274654994a248ad2a817319784604', '::1', 1701109460, 0x5f5f63695f6c6173745f726567656e65726174657c693a313730313130393137313b61646d696e5f6c6f67696e7c733a313a2231223b61646d696e5f69647c733a313a2231223b6c6f67696e5f757365725f69647c733a313a2231223b6e616d657c733a31323a225363686f6f6c2041646d696e223b6c6f67696e5f747970657c733a353a2241646d696e223b63757272656e745f6c616e67756167657c733a373a22656e676c697368223b),
('f177c8704f708eaf6c5cd050fa7551c6b652e10d', '::1', 1701155839, 0x5f5f63695f6c6173745f726567656e65726174657c693a313730313135353534373b61646d696e5f6c6f67696e7c733a313a2231223b61646d696e5f69647c733a313a2231223b6c6f67696e5f757365725f69647c733a313a2231223b6e616d657c733a31323a225363686f6f6c2041646d696e223b6c6f67696e5f747970657c733a353a2241646d696e223b63757272656e745f6c616e67756167657c733a373a22656e676c697368223b666c6173685f6d6573736167657c4e3b),
('f1c4b3b4ab5cbd82f8417d2b6971ed01c777bf4f', '::1', 1701263490, 0x5f5f63695f6c6173745f726567656e65726174657c693a313730313236333233313b746561636865725f6c6f67696e7c733a313a2231223b746561636865725f69647c733a313a2232223b6c6f67696e5f757365725f69647c733a313a2232223b6e616d657c733a393a22536176697468726565223b6c6f67696e5f747970657c733a373a2254656163686572223b63757272656e745f6c616e67756167657c733a373a22656e676c697368223b),
('f2764dbceb7712afc1422aab3149fe86efd7cdae', '::1', 1701175645, 0x5f5f63695f6c6173745f726567656e65726174657c693a313730313137353634353b61646d696e5f6c6f67696e7c733a313a2231223b61646d696e5f69647c733a313a2231223b6c6f67696e5f757365725f69647c733a313a2231223b6e616d657c733a31323a225363686f6f6c2041646d696e223b6c6f67696e5f747970657c733a353a2241646d696e223b63757272656e745f6c616e67756167657c733a373a22656e676c697368223b666c6173685f6d6573736167657c4e3b),
('f594ab3cfe607a0b4587ca7421adcf8a19f1b04f', '::1', 1701170703, 0x5f5f63695f6c6173745f726567656e65726174657c693a313730313137303730333b61646d696e5f6c6f67696e7c733a313a2231223b61646d696e5f69647c733a313a2231223b6c6f67696e5f757365725f69647c733a313a2231223b6e616d657c733a31323a225363686f6f6c2041646d696e223b6c6f67696e5f747970657c733a353a2241646d696e223b63757272656e745f6c616e67756167657c733a373a22656e676c697368223b666c6173685f6d6573736167657c4e3b),
('fa2df4857533e4e13688ce3194ccbc19f297d7e4', '::1', 1701155171, 0x5f5f63695f6c6173745f726567656e65726174657c693a313730313135343835313b61646d696e5f6c6f67696e7c733a313a2231223b61646d696e5f69647c733a313a2231223b6c6f67696e5f757365725f69647c733a313a2231223b6e616d657c733a31323a225363686f6f6c2041646d696e223b6c6f67696e5f747970657c733a353a2241646d696e223b63757272656e745f6c616e67756167657c733a373a22656e676c697368223b666c6173685f6d6573736167657c4e3b),
('fb6ef3a5f43914d33b9c8ebd68b35821fd234240', '::1', 1701161970, 0x5f5f63695f6c6173745f726567656e65726174657c693a313730313136313638363b61646d696e5f6c6f67696e7c733a313a2231223b61646d696e5f69647c733a313a2231223b6c6f67696e5f757365725f69647c733a313a2231223b6e616d657c733a31323a225363686f6f6c2041646d696e223b6c6f67696e5f747970657c733a353a2241646d696e223b),
('fbc865de5fda25739e189567b29edc9175f3e831', '::1', 1701183492, 0x5f5f63695f6c6173745f726567656e65726174657c693a313730313138333139313b61646d696e5f6c6f67696e7c733a313a2231223b61646d696e5f69647c733a313a2231223b6c6f67696e5f757365725f69647c733a313a2231223b6e616d657c733a31323a225363686f6f6c2041646d696e223b6c6f67696e5f747970657c733a353a2241646d696e223b63757272656e745f6c616e67756167657c733a373a22656e676c697368223b666c6173685f6d6573736167657c4e3b),
('fdcfb61c87e22acabc242b63f0d388403586c5cd', '::1', 1701190167, 0x5f5f63695f6c6173745f726567656e65726174657c693a313730313139303033313b61646d696e5f6c6f67696e7c733a313a2231223b61646d696e5f69647c733a313a2231223b6c6f67696e5f757365725f69647c733a313a2231223b6e616d657c733a31323a225363686f6f6c2041646d696e223b6c6f67696e5f747970657c733a353a2241646d696e223b63757272656e745f6c616e67756167657c733a373a22656e676c697368223b666c6173685f6d6573736167657c4e3b),
('fde01fa72e43de2c64bde61e0bb943f04a604719', '::1', 1701261326, 0x5f5f63695f6c6173745f726567656e65726174657c693a313730313236313033333b73747564656e745f6c6f67696e7c733a313a2231223b73747564656e745f69647c733a313a2232223b6c6f67696e5f757365725f69647c733a313a2232223b6e616d657c733a353a22526968616d223b6c6f67696e5f747970657c733a373a2253747564656e74223b);

-- --------------------------------------------------------

--
-- Table structure for table `class`
--

CREATE TABLE `class` (
  `class_id` int(11) NOT NULL,
  `name` longtext COLLATE utf8_unicode_ci NOT NULL,
  `name_numeric` longtext COLLATE utf8_unicode_ci NOT NULL,
  `teacher_id` int(11) NOT NULL
) ENGINE=InnoDB DEFAULT CHARSET=utf8 COLLATE=utf8_unicode_ci;

--
-- Dumping data for table `class`
--

INSERT INTO `class` (`class_id`, `name`, `name_numeric`, `teacher_id`) VALUES
(3, 'Grade 1', '1', 1),
(4, 'Grade 2', '2', 1),
(5, 'Grade 3', '3', 2),
(6, 'Grade 4', '4', 1),
(7, 'Grade 5', '5', 1);

-- --------------------------------------------------------

--
-- Table structure for table `class_routine`
--

CREATE TABLE `class_routine` (
  `class_routine_id` int(11) NOT NULL,
  `class_id` int(11) NOT NULL,
  `subject_id` int(11) NOT NULL,
  `time_start` int(11) NOT NULL,
  `time_end` int(11) NOT NULL,
  `day` longtext COLLATE utf8_unicode_ci NOT NULL
) ENGINE=InnoDB DEFAULT CHARSET=utf8 COLLATE=utf8_unicode_ci;

--
-- Dumping data for table `class_routine`
--

INSERT INTO `class_routine` (`class_routine_id`, `class_id`, `subject_id`, `time_start`, `time_end`, `day`) VALUES
(1, 1, 1, 8, 9, 'Monday'),
(2, 1, 2, 9, 10, 'Monday'),
(3, 7, 8, 8, 9, 'Monday'),
(4, 7, 10, 8, 13, 'Tuesday'),
(5, 7, 11, 8, 13, 'Wednesday'),
(6, 7, 10, 8, 1, 'Thursday'),
(7, 7, 10, 10, 14, 'Friday'),
(8, 7, 10, 1, 1, 'Monday');

-- --------------------------------------------------------

--
-- Table structure for table `exam`
--

CREATE TABLE `exam` (
  `exam_id` int(11) NOT NULL,
  `name` longtext COLLATE utf8_unicode_ci NOT NULL,
  `date` longtext COLLATE utf8_unicode_ci NOT NULL
) ENGINE=InnoDB DEFAULT CHARSET=utf8 COLLATE=utf8_unicode_ci;

--
-- Dumping data for table `exam`
--

INSERT INTO `exam` (`exam_id`, `name`, `date`) VALUES
(1, '1st Term Exam', '03/25/2022'),
(2, '2nd Term Exam', '08/25/2022'),
(3, '3rd Term Exam', '11/21/2023');

-- --------------------------------------------------------

--
-- Table structure for table `grade`
--

CREATE TABLE `grade` (
  `grade_id` int(11) NOT NULL,
  `name` longtext COLLATE utf8_unicode_ci NOT NULL,
  `mark_from` int(11) NOT NULL,
  `mark_upto` int(11) NOT NULL,
  `comment` longtext COLLATE utf8_unicode_ci NOT NULL
) ENGINE=InnoDB DEFAULT CHARSET=utf8 COLLATE=utf8_unicode_ci;

--
-- Dumping data for table `grade`
--

INSERT INTO `grade` (`grade_id`, `name`, `mark_from`, `mark_upto`, `comment`) VALUES
(1, 'A', 75, 100, 'Distinction Pass'),
(2, 'B', 65, 74, 'Very Good Pass'),
(3, 'C', 55, 64, 'Credit Pass'),
(4, 'S', 40, 54, 'Ordinary Pass'),
(5, 'F', 0, 39, 'Failure');

-- --------------------------------------------------------

--
-- Table structure for table `mark`
--

CREATE TABLE `mark` (
  `mark_id` int(11) NOT NULL,
  `student_id` int(11) NOT NULL,
  `subject_id` int(11) NOT NULL,
  `class_id` int(11) NOT NULL,
  `exam_id` int(11) NOT NULL,
  `mark_obtained` int(11) NOT NULL DEFAULT '0',
  `mark_total` int(11) NOT NULL DEFAULT '100',
  `comment` longtext COLLATE utf8_unicode_ci NOT NULL
) ENGINE=InnoDB DEFAULT CHARSET=utf8 COLLATE=utf8_unicode_ci;

--
-- Dumping data for table `mark`
--

INSERT INTO `mark` (`mark_id`, `student_id`, `subject_id`, `class_id`, `exam_id`, `mark_obtained`, `mark_total`, `comment`) VALUES
(1, 2, 8, 7, 1, 70, 100, ''),
(2, 3, 8, 7, 1, 50, 100, ''),
(3, 4, 8, 7, 1, 45, 100, ''),
(4, 5, 8, 7, 1, 35, 100, ''),
(5, 2, 10, 7, 1, 89, 100, ''),
(6, 3, 10, 7, 1, 78, 100, ''),
(7, 4, 10, 7, 1, 50, 100, ''),
(8, 5, 10, 7, 1, 45, 100, ''),
(9, 2, 11, 7, 1, 97, 100, ''),
(10, 3, 11, 7, 1, 87, 100, ''),
(11, 4, 11, 7, 1, 70, 100, ''),
(12, 5, 11, 7, 1, 80, 100, ''),
(13, 2, 8, 7, 2, 0, 100, ''),
(14, 3, 8, 7, 2, 0, 100, ''),
(15, 4, 8, 7, 2, 0, 100, ''),
(16, 5, 8, 7, 2, 0, 100, '');

-- --------------------------------------------------------

--
-- Table structure for table `noticeboard`
--

CREATE TABLE `noticeboard` (
  `notice_id` int(11) NOT NULL,
  `notice_title` longtext COLLATE utf8_unicode_ci NOT NULL,
  `notice` longtext COLLATE utf8_unicode_ci NOT NULL,
  `create_timestamp` int(11) NOT NULL
) ENGINE=InnoDB DEFAULT CHARSET=utf8 COLLATE=utf8_unicode_ci;

--
-- Dumping data for table `noticeboard`
--

INSERT INTO `noticeboard` (`notice_id`, `notice_title`, `notice`, `create_timestamp`) VALUES
(4, 'Hello', 'This is Testing on Nov 26', 1700953200),
(5, 'Testing 2', 'Testing 2 Announce', 1701039600);

-- --------------------------------------------------------

--
-- Table structure for table `parent`
--

CREATE TABLE `parent` (
  `parent_id` int(11) NOT NULL,
  `name` longtext COLLATE utf8_unicode_ci NOT NULL,
  `email` longtext COLLATE utf8_unicode_ci NOT NULL,
  `password` longtext COLLATE utf8_unicode_ci NOT NULL,
  `phone` longtext COLLATE utf8_unicode_ci NOT NULL,
  `address` longtext COLLATE utf8_unicode_ci NOT NULL,
  `profession` longtext COLLATE utf8_unicode_ci NOT NULL
) ENGINE=InnoDB DEFAULT CHARSET=utf8 COLLATE=utf8_unicode_ci;

--
-- Dumping data for table `parent`
--

INSERT INTO `parent` (`parent_id`, `name`, `email`, `password`, `phone`, `address`, `profession`) VALUES
(13, 'Riham\'s Parent', 'p_riham@gmail.com', '123', '+94752202440', 'Katankudy', 'Bussiness Man'),
(14, 'Zakir\'s Parent', 'p_zakir@gmail.com', '123', '+94752202441', 'Nintavur', 'Teacher'),
(15, 'Safran\'s Parent', 'p_safran@gmail.com', '123', '+94752202442', 'Pottuvil', 'Doctor'),
(16, 'Ilma\'s Parent', 'p_ilma@gmail.com', '123', '+94752202444', 'Katankudy', 'Engineer');

-- --------------------------------------------------------

--
-- Table structure for table `section`
--

CREATE TABLE `section` (
  `section_id` int(11) NOT NULL,
  `name` longtext COLLATE utf8_unicode_ci NOT NULL,
  `nick_name` longtext COLLATE utf8_unicode_ci NOT NULL,
  `class_id` int(11) NOT NULL,
  `teacher_id` int(11) NOT NULL
) ENGINE=InnoDB DEFAULT CHARSET=utf8 COLLATE=utf8_unicode_ci;

--
-- Dumping data for table `section`
--

INSERT INTO `section` (`section_id`, `name`, `nick_name`, `class_id`, `teacher_id`) VALUES
(8, 'A', 'Alpha', 7, 2),
(9, 'B', 'Beta', 7, 2),
(10, 'C', 'Charlie', 7, 1);

-- --------------------------------------------------------

--
-- Table structure for table `settings`
--

CREATE TABLE `settings` (
  `settings_id` int(11) NOT NULL,
  `type` longtext COLLATE utf8_unicode_ci NOT NULL,
  `description` longtext COLLATE utf8_unicode_ci NOT NULL
) ENGINE=InnoDB DEFAULT CHARSET=utf8 COLLATE=utf8_unicode_ci;

--
-- Dumping data for table `settings`
--

INSERT INTO `settings` (`settings_id`, `type`, `description`) VALUES
(1, 'system_name', 'School Student Management System'),
(2, 'system_title', 'School Student Management System'),
(3, 'address', 'Colombo'),
(4, 'phone', '0771234123'),
(7, 'system_email', 'binarybrains@gmail.com'),
(16, 'skin_colour', 'default');

-- --------------------------------------------------------

--
-- Table structure for table `student`
--

CREATE TABLE `student` (
  `student_id` int(11) NOT NULL,
  `name` longtext COLLATE utf8_unicode_ci NOT NULL,
  `birthday` longtext COLLATE utf8_unicode_ci NOT NULL,
  `gender` longtext COLLATE utf8_unicode_ci NOT NULL,
  `address` longtext COLLATE utf8_unicode_ci NOT NULL,
  `phone` longtext COLLATE utf8_unicode_ci NOT NULL,
  `email` longtext COLLATE utf8_unicode_ci NOT NULL,
  `password` longtext COLLATE utf8_unicode_ci NOT NULL,
  `class_id` longtext COLLATE utf8_unicode_ci NOT NULL,
  `section_id` int(11) NOT NULL,
  `parent_id` int(11) NOT NULL,
  `index_no` longtext COLLATE utf8_unicode_ci NOT NULL
) ENGINE=InnoDB DEFAULT CHARSET=utf8 COLLATE=utf8_unicode_ci;

--
-- Dumping data for table `student`
--

INSERT INTO `student` (`student_id`, `name`, `birthday`, `gender`, `address`, `phone`, `email`, `password`, `class_id`, `section_id`, `parent_id`, `index_no`) VALUES
(2, 'Riham', '01/14/1999', 'Female', 'Katankudy', '0752202440', 'riham@gmail.com', '123', '7', 9, 13, '001'),
(3, 'Zakir', '12/31/1998', 'Male', 'Nintavur', '0752202441', 'zakir@gmail.com', '123', '7', 8, 14, '002'),
(4, 'Safran', '06/17/1998', 'Male', 'Pottuvil', '0752202442', 'safran@gmail.com', '123', '7', 8, 15, '003'),
(5, 'Ilma', '11/17/1998', 'Female', 'Katankudy', '0752202443', 'ilma@gmail.com', '123', '7', 10, 16, '004');

-- --------------------------------------------------------

--
-- Table structure for table `subject`
--

CREATE TABLE `subject` (
  `subject_id` int(11) NOT NULL,
  `name` longtext COLLATE utf8_unicode_ci NOT NULL,
  `class_id` int(11) NOT NULL,
  `teacher_id` int(11) DEFAULT NULL
) ENGINE=InnoDB DEFAULT CHARSET=utf8 COLLATE=utf8_unicode_ci;

--
-- Dumping data for table `subject`
--

INSERT INTO `subject` (`subject_id`, `name`, `class_id`, `teacher_id`) VALUES
(8, 'Maths', 7, 1),
(10, 'English', 7, 2),
(11, 'Science', 7, 1);

-- --------------------------------------------------------

--
-- Table structure for table `teacher`
--

CREATE TABLE `teacher` (
  `teacher_id` int(11) NOT NULL,
  `name` longtext COLLATE utf8_unicode_ci NOT NULL,
  `birthday` longtext COLLATE utf8_unicode_ci NOT NULL,
  `gender` longtext COLLATE utf8_unicode_ci NOT NULL,
  `address` longtext COLLATE utf8_unicode_ci NOT NULL,
  `phone` longtext COLLATE utf8_unicode_ci NOT NULL,
  `email` longtext COLLATE utf8_unicode_ci NOT NULL,
  `password` longtext COLLATE utf8_unicode_ci NOT NULL
) ENGINE=InnoDB DEFAULT CHARSET=utf8 COLLATE=utf8_unicode_ci;

--
-- Dumping data for table `teacher`
--

INSERT INTO `teacher` (`teacher_id`, `name`, `birthday`, `gender`, `address`, `phone`, `email`, `password`) VALUES
(1, 'Kasun', '07/13/1989', 'Male', 'Kandy', '+94772201111', 't_kasun@mail.com', '123'),
(2, 'Savithree', '08/13/1989', 'Female', 'Colombo', '+94772202440', 't_savithree@gmail.com', '123');

--
-- Indexes for dumped tables
--

--
-- Indexes for table `admin`
--
ALTER TABLE `admin`
  ADD PRIMARY KEY (`admin_id`);

--
-- Indexes for table `attendance`
--
ALTER TABLE `attendance`
  ADD PRIMARY KEY (`attendance_id`);

--
-- Indexes for table `ci_sessions`
--
ALTER TABLE `ci_sessions`
  ADD PRIMARY KEY (`id`),
  ADD KEY `ci_sessions_timestamp` (`timestamp`);

--
-- Indexes for table `class`
--
ALTER TABLE `class`
  ADD PRIMARY KEY (`class_id`);

--
-- Indexes for table `class_routine`
--
ALTER TABLE `class_routine`
  ADD PRIMARY KEY (`class_routine_id`);

--
-- Indexes for table `exam`
--
ALTER TABLE `exam`
  ADD PRIMARY KEY (`exam_id`);

--
-- Indexes for table `grade`
--
ALTER TABLE `grade`
  ADD PRIMARY KEY (`grade_id`);

--
-- Indexes for table `mark`
--
ALTER TABLE `mark`
  ADD PRIMARY KEY (`mark_id`);

--
-- Indexes for table `noticeboard`
--
ALTER TABLE `noticeboard`
  ADD PRIMARY KEY (`notice_id`);

--
-- Indexes for table `parent`
--
ALTER TABLE `parent`
  ADD PRIMARY KEY (`parent_id`);

--
-- Indexes for table `section`
--
ALTER TABLE `section`
  ADD PRIMARY KEY (`section_id`);

--
-- Indexes for table `settings`
--
ALTER TABLE `settings`
  ADD PRIMARY KEY (`settings_id`);

--
-- Indexes for table `student`
--
ALTER TABLE `student`
  ADD PRIMARY KEY (`student_id`);

--
-- Indexes for table `subject`
--
ALTER TABLE `subject`
  ADD PRIMARY KEY (`subject_id`);

--
-- Indexes for table `teacher`
--
ALTER TABLE `teacher`
  ADD PRIMARY KEY (`teacher_id`);

--
-- AUTO_INCREMENT for dumped tables
--

--
-- AUTO_INCREMENT for table `admin`
--
ALTER TABLE `admin`
  MODIFY `admin_id` int(11) NOT NULL AUTO_INCREMENT, AUTO_INCREMENT=2;

--
-- AUTO_INCREMENT for table `attendance`
--
ALTER TABLE `attendance`
  MODIFY `attendance_id` int(11) NOT NULL AUTO_INCREMENT, AUTO_INCREMENT=21;

--
-- AUTO_INCREMENT for table `class`
--
ALTER TABLE `class`
  MODIFY `class_id` int(11) NOT NULL AUTO_INCREMENT, AUTO_INCREMENT=8;

--
-- AUTO_INCREMENT for table `class_routine`
--
ALTER TABLE `class_routine`
  MODIFY `class_routine_id` int(11) NOT NULL AUTO_INCREMENT, AUTO_INCREMENT=9;

--
-- AUTO_INCREMENT for table `exam`
--
ALTER TABLE `exam`
  MODIFY `exam_id` int(11) NOT NULL AUTO_INCREMENT, AUTO_INCREMENT=4;

--
-- AUTO_INCREMENT for table `grade`
--
ALTER TABLE `grade`
  MODIFY `grade_id` int(11) NOT NULL AUTO_INCREMENT, AUTO_INCREMENT=6;

--
-- AUTO_INCREMENT for table `mark`
--
ALTER TABLE `mark`
  MODIFY `mark_id` int(11) NOT NULL AUTO_INCREMENT, AUTO_INCREMENT=17;

--
-- AUTO_INCREMENT for table `noticeboard`
--
ALTER TABLE `noticeboard`
  MODIFY `notice_id` int(11) NOT NULL AUTO_INCREMENT, AUTO_INCREMENT=6;

--
-- AUTO_INCREMENT for table `parent`
--
ALTER TABLE `parent`
  MODIFY `parent_id` int(11) NOT NULL AUTO_INCREMENT, AUTO_INCREMENT=17;

--
-- AUTO_INCREMENT for table `section`
--
ALTER TABLE `section`
  MODIFY `section_id` int(11) NOT NULL AUTO_INCREMENT, AUTO_INCREMENT=11;

--
-- AUTO_INCREMENT for table `settings`
--
ALTER TABLE `settings`
  MODIFY `settings_id` int(11) NOT NULL AUTO_INCREMENT, AUTO_INCREMENT=17;

--
-- AUTO_INCREMENT for table `student`
--
ALTER TABLE `student`
  MODIFY `student_id` int(11) NOT NULL AUTO_INCREMENT, AUTO_INCREMENT=6;

--
-- AUTO_INCREMENT for table `subject`
--
ALTER TABLE `subject`
  MODIFY `subject_id` int(11) NOT NULL AUTO_INCREMENT, AUTO_INCREMENT=12;

--
-- AUTO_INCREMENT for table `teacher`
--
ALTER TABLE `teacher`
  MODIFY `teacher_id` int(11) NOT NULL AUTO_INCREMENT, AUTO_INCREMENT=3;
COMMIT;

/*!40101 SET CHARACTER_SET_CLIENT=@OLD_CHARACTER_SET_CLIENT */;
/*!40101 SET CHARACTER_SET_RESULTS=@OLD_CHARACTER_SET_RESULTS */;
/*!40101 SET COLLATION_CONNECTION=@OLD_COLLATION_CONNECTION */;
